feature,genre,n_valid_windows,first_window,last_window,first_value,last_value,last_minus_first,mean_value,median_value
danceability,alternative rock,37,1979,2015,0.47100000000000003,0.4825669421487603,0.01156694214876025,0.47324252325923544,0.4728204633204633
danceability,ambient,43,1971,2015,0.34395,0.43730640326975473,0.09335640326975475,0.38856699631577607,0.37761117824773416
danceability,black metal,36,1980,2015,0.2358,0.2889759643916914,0.053175964391691366,0.2615005940421835,0.268961189516129
danceability,blues,61,1955,2015,0.5222558139534884,0.5376014492753622,0.01534563532187383,0.5357826904784361,0.5376014492753622
danceability,bossa nova,54,1960,2015,0.53695,0.585275,0.04832499999999995,0.5647378709937398,0.5715442660770931
danceability,brazilian rock,34,1982,2015,0.5699130434782609,0.5224489795918368,-0.0474640638864241,0.529151665608916,0.5252745016611295
danceability,classic rock,61,1955,2015,0.6062307692307692,0.49059322033898306,-0.11563754889178618,0.5429973118586677,0.5344
danceability,country,53,1955,2015,0.6768695652173913,0.5613885057471265,-0.11548105947026477,0.5726466426072222,0.5613885057471265
danceability,death metal,33,1983,2015,0.23420000000000002,0.3423969014084507,0.10819690140845067,0.30262239792140394,0.3240441048034935
danceability,disco,46,1970,2015,0.55655,0.6875614035087719,0.13101140350877194,0.6945635584024866,0.6986144315504755
danceability,doom metal,33,1983,2015,0.26361904761904764,0.33638405315614617,0.07276500553709853,0.3294008934839722,0.3327040740740741
danceability,dream pop,34,1982,2015,0.37044782608695653,0.5355249221183801,0.16507709603142356,0.42738087367193556,0.434607905982906
danceability,easy listening,47,1959,2015,0.40904347826086956,0.5055,0.09645652173913039,0.4765841237754217,0.5006315789473684
danceability,electronic,45,1971,2015,0.402605,0.6043612261469752,0.2017562261469752,0.6036785047620147,0.6120847826086956
danceability,experimental,52,1964,2015,0.44983333333333336,0.5136165580182529,0.06378322468491954,0.4758503127959226,0.4746307083333333
danceability,folk,57,1959,2015,0.50705,0.5186798748696558,0.011629874869655832,0.5117576056775175,0.510776955602537
danceability,funk,51,1965,2015,0.61285,0.7262995049504951,0.1134495049504951,0.674365387644302,0.6656777777777778
danceability,glam rock,39,1967,2015,0.46025,0.47666153846153847,0.016411538461538477,0.5407027177824647,0.5444
danceability,gothic rock,34,1977,2015,0.5171612903225806,0.44108823529411767,-0.07607305502846295,0.46020495254111055,0.45317852062588904
danceability,grunge,32,1984,2015,0.390815,0.4633179487179487,0.07250294871794866,0.407136352495128,0.41710747726992226
danceability,hard rock,51,1965,2015,0.444609756097561,0.4564781420765027,0.011868385978941742,0.44576041800966054,0.4481003717472119
danceability,hardcore,39,1977,2015,0.35245000000000004,0.4297945295404814,0.07734452954048138,0.370350628923921,0.36311180257510733
danceability,hardcore punk,32,1976,2015,0.38180000000000003,0.36123529411764704,-0.020564705882352985,0.3573388648544919,0.3536629536290323
danceability,indie rock,33,1983,2015,0.30466000000000004,0.511489464178206,0.2068294641782059,0.45626138426482116,0.4782971308016878
danceability,industrial,35,1981,2015,0.5711304347826087,0.507995951417004,-0.06313448336560468,0.5334988969223681,0.5239503496503496
danceability,jazz,61,1955,2015,0.45549162011173183,0.5359486842105263,0.0804570640987945,0.518401896781905,0.5336462585034013
danceability,latin,40,1965,2015,0.4473,0.6725951086956522,0.22529510869565222,0.6069462803184369,0.6371857242990655
danceability,metal,48,1968,2015,0.3794,0.42748019801980197,0.048080198019801956,0.38101137605590374,0.37937857142857145
danceability,mpb,53,1963,2015,0.43174999999999997,0.5914578833693305,0.1597078833693305,0.5526056756993949,0.5718865979381443
danceability,new wave,43,1973,2015,0.5949259259259259,0.5720088495575222,-0.022917076368403677,0.5901289541664473,0.5894415584415584
danceability,pop,57,1959,2015,0.5579545454545455,0.6238906602254428,0.06593611477089734,0.5892844896547513,0.6113390191897655
danceability,pop rock,32,1982,2015,0.6439523809523809,0.5512846846846847,-0.09266769626769622,0.5727274550406949,0.5550802214079675
danceability,post-hardcore,35,1981,2015,0.31166666666666665,0.4410409165302782,0.12937424986361157,0.3777043542787431,0.37457142857142856
danceability,post-punk,43,1973,2015,0.5319259259259259,0.4730313152400835,-0.0588946106858424,0.4892457561344237,0.4902036585365854
danceability,power metal,34,1981,2015,0.318625,0.4395568513119534,0.12093185131195339,0.3970865708782845,0.40241078431372546
danceability,progressive metal,32,1984,2015,0.33377619047619045,0.3980875283446712,0.06431133786848076,0.3672741890355104,0.37346884829539906
danceability,progressive rock,53,1963,2015,0.39324,0.4334056603773585,0.040165660377358525,0.4478906584859811,0.4291187050359712
danceability,psychedelic rock,48,1963,2015,0.463548076923077,0.4559939759036145,-0.007554101019462467,0.4328301804703975,0.43131287689156905
danceability,punk,47,1969,2015,0.40066666666666667,0.4885782971619365,0.08791163049526984,0.42699313010492024,0.4310658914728682
danceability,rap,32,1984,2015,0.7769565217391304,0.7041197263397948,-0.07283679539933563,0.7276855387175045,0.7368850900307422
danceability,reggae,42,1969,2015,0.7295357142857143,0.6948507462686567,-0.03468496801705756,0.7362958929807751,0.7305517241379311
danceability,rock,61,1955,2015,0.6136363636363636,0.5131834033613445,-0.10045296027501915,0.5116243512907409,0.49988461538461537
danceability,samba,42,1963,2015,0.5730999999999999,0.6014528301886792,0.02835283018867929,0.6056611735977252,0.6160655314757482
danceability,shoegaze,35,1981,2015,0.334968,0.44000019083969466,0.10503219083969467,0.37535978795148495,0.371378125
danceability,singer-songwriter,56,1960,2015,0.47185,0.5383970814132105,0.06654708141321053,0.5203618966437898,0.5239107787782915
danceability,soft rock,49,1967,2015,0.5297619047619048,0.594171875,0.06440997023809525,0.5612752893993443,0.5629
danceability,soul,61,1955,2015,0.49119999999999997,0.5907542056074766,0.09955420560747663,0.596669028389261,0.5981744186046511
danceability,soundtrack,44,1965,2015,0.49290476190476185,0.4337964583333333,-0.059108303571428544,0.4346011782238614,0.43128930384790526
danceability,synthpop,41,1975,2015,0.61495,0.6001890179514255,-0.014760982048574456,0.5998871811952771,0.5984324324324324
danceability,thrash metal,37,1979,2015,0.257625,0.3534768867924528,0.09585188679245282,0.36863474824668163,0.3782705882352941
energy,alternative rock,37,1979,2015,0.6744066666666666,0.7388612561983471,0.06445458953168048,0.7282617550239996,0.7272382575757577
energy,ambient,43,1971,2015,0.32027449999999996,0.40308073705722075,0.08280623705722079,0.3822941613291347,0.3956192307692308
energy,black metal,36,1980,2015,0.78,0.8470887240356084,0.0670887240356084,0.827079455765297,0.8279689950980391
energy,blues,61,1955,2015,0.30415116279069765,0.5949550724637682,0.29080390967307057,0.4768826866723369,0.47953746268656716
energy,bossa nova,54,1960,2015,0.4305,0.40166250000000003,-0.02883749999999996,0.420234873563319,0.4056898496240601
energy,brazilian rock,34,1982,2015,0.6489565217391304,0.7432857142857143,0.0943291925465839,0.708304953805991,0.7431169950738916
energy,classic rock,61,1955,2015,0.6387307692307692,0.6042627118644067,-0.03446805736636249,0.6140616323218447,0.624890243902439
energy,country,53,1955,2015,0.4097391304347826,0.6307763218390805,0.2210371914042979,0.49566651094699116,0.5064074074074074
energy,death metal,33,1983,2015,0.94105,0.9434338028169014,0.002383802816901315,0.9274371399612785,0.9362857142857143
energy,disco,46,1970,2015,0.72285,0.7273438596491227,0.0044938596491227445,0.7172885911110576,0.7216392857142857
energy,doom metal,33,1983,2015,0.6257142857142858,0.7060308970099668,0.08031661129568102,0.6940333513812283,0.6982319672131149
energy,dream pop,34,1982,2015,0.5303478260869565,0.5894129283489097,0.05906510226195316,0.4889720318627125,0.46828334430546414
energy,easy listening,47,1959,2015,0.31829999999999997,0.42910000000000004,0.11080000000000007,0.41012369966043666,0.42046206896551724
energy,electronic,45,1971,2015,0.48561,0.6699463621599675,0.18433636215996752,0.6872085764724327,0.7028469594594594
energy,experimental,52,1964,2015,0.553625,0.5767169752281617,0.023091975228161643,0.5611196563441174,0.5756550606477887
energy,folk,57,1959,2015,0.21400999999999998,0.4868590198123045,0.2728490198123045,0.39404859619529004,0.410735
energy,funk,51,1965,2015,0.5851,0.671204702970297,0.08610470297029704,0.6855948588476696,0.6892179487179487
energy,glam rock,39,1967,2015,0.49780555555555556,0.7986923076923077,0.30088675213675214,0.7238656271467077,0.7195853658536585
energy,gothic rock,34,1977,2015,0.6154193548387097,0.7124705882352941,0.09705123339658439,0.756204131723725,0.7536244019138756
energy,grunge,32,1984,2015,0.7574500000000001,0.7495794871794872,-0.007870512820512876,0.7598131990073115,0.7536277197940948
energy,hard rock,51,1965,2015,0.6260975609756098,0.8430196174863388,0.21692205651072904,0.7929195925391042,0.8043148148148148
energy,hardcore,39,1977,2015,0.8884000000000001,0.8802302702407002,-0.00816972975929986,0.8796047874844172,0.8802302702407002
energy,hardcore punk,32,1976,2015,0.9019999999999999,0.8932811764705882,-0.008718823529411668,0.899083724006116,0.9072399999999999
energy,indie rock,33,1983,2015,0.7771,0.6984596026490066,-0.07864039735099337,0.704121531942211,0.7114605196451205
energy,industrial,35,1981,2015,0.749,0.7814331983805668,0.0324331983805668,0.7669241536737774,0.7738595903614458
energy,jazz,61,1955,2015,0.20711748603351957,0.4582241052631579,0.2511066192296383,0.38355252630887937,0.4005402985074627
energy,latin,40,1965,2015,0.43878000000000006,0.6740986413043478,0.23531864130434776,0.6299836040966452,0.6719913935176709
energy,metal,48,1968,2015,0.54954,0.8855014851485148,0.33596148514851476,0.8014261606314422,0.842218954248366
energy,mpb,53,1963,2015,0.41795,0.517576241900648,0.099626241900648,0.49550497760588136,0.4992865168539326
energy,new wave,43,1973,2015,0.6386666666666666,0.724575221238938,0.08590855457227142,0.71971586450221,0.7216588421052632
energy,pop,57,1959,2015,0.4858636363636364,0.6529747584541062,0.16711112209046985,0.6169553324582194,0.647250704225352
energy,pop rock,32,1982,2015,0.6028095238095238,0.7425009009009009,0.13969137709137713,0.7441486101994848,0.752128712871287
energy,post-hardcore,35,1981,2015,0.8928571428571429,0.8612589198036006,-0.03159822305354232,0.8389858263124894,0.8581777777777777
energy,post-punk,43,1973,2015,0.6661851851851851,0.7381584864300627,0.07197330124487755,0.7256947631810889,0.7381584864300627
energy,power metal,34,1981,2015,0.8552083333333332,0.8848717201166182,0.02966338678328495,0.8405041757087832,0.8438700980392158
energy,progressive metal,32,1984,2015,0.9054285714285714,0.8348798185941043,-0.07054875283446704,0.7930090127221838,0.7895989944285908
energy,progressive rock,53,1963,2015,0.52012,0.6045861509433963,0.08446615094339627,0.6041446581513746,0.6077142857142858
energy,psychedelic rock,48,1963,2015,0.5260115384615385,0.6809939759036144,0.15498243744207596,0.5697016551089132,0.5516080808080808
energy,punk,47,1969,2015,0.7972222222222222,0.815793489148581,0.018571266926358798,0.8579104929367748,0.8737373737373737
energy,rap,32,1984,2015,0.6060869565217392,0.6352235055112124,0.029136548989473265,0.6823167302173496,0.6912275090225564
energy,reggae,42,1969,2015,0.5035000000000001,0.6673582089552239,0.16385820895522385,0.5846796721561173,0.5825071428571429
energy,rock,61,1955,2015,0.5348181818181819,0.7352219537815126,0.2004037719633307,0.6608864332533452,0.675032967032967
energy,samba,42,1963,2015,0.5525,0.5787556603773585,0.026255660377358492,0.5987431986350905,0.6085557651991615
energy,shoegaze,35,1981,2015,0.66476,0.6880606870229007,0.023300687022900668,0.6724374090902495,0.6807225130890052
energy,singer-songwriter,56,1960,2015,0.304945,0.46242841781874044,0.15748341781874042,0.40185976728183154,0.4214711822089947
energy,soft rock,49,1967,2015,0.4004857142857143,0.6020156249999999,0.20152991071428566,0.5336443878707161,0.5478636363636363
energy,soul,61,1955,2015,0.38338,0.543557691588785,0.16017769158878498,0.5172303149993186,0.513725
energy,soundtrack,44,1965,2015,0.49028571428571427,0.4223577708333333,-0.06792794345238096,0.4278114986025216,0.41780211015875657
energy,synthpop,41,1975,2015,0.69795,0.6816285110876452,-0.016321488912354742,0.724280822426447,0.7390454545454546
energy,thrash metal,37,1979,2015,0.92175,0.9424716981132075,0.020721698113207565,0.9216340782816574,0.9247241379310344
valence,alternative rock,37,1979,2015,0.65735,0.3920609917355372,-0.2652890082644628,0.4700566195815635,0.4398590814196242
valence,ambient,43,1971,2015,0.18106,0.23820422343324252,0.05714422343324252,0.22016651432076914,0.2132516129032258
valence,black metal,36,1980,2015,0.253505,0.15665637982195846,-0.09684862017804152,0.18423826930050619,0.15727457879986811
valence,blues,61,1955,2015,0.4774302325581395,0.4489144927536232,-0.02851573980451627,0.5460548951152217,0.5382675324675325
valence,bossa nova,54,1960,2015,0.5545500000000001,0.50804625,-0.046503750000000066,0.5441525330247772,0.5263792381606041
valence,brazilian rock,34,1982,2015,0.6360869565217391,0.5708775510204082,-0.06520940550133092,0.5791073610317404,0.588857822410148
valence,classic rock,61,1955,2015,0.8718461538461538,0.5470525423728814,-0.32479361147327246,0.6067218956417842,0.5986367088607595
valence,country,53,1955,2015,0.6880434782608695,0.4876611494252873,-0.2003823288355822,0.5648516254234592,0.57076
valence,death metal,33,1983,2015,0.16560999999999998,0.19503718309859155,0.029427183098591575,0.21635799012167142,0.22000742358078604
valence,disco,46,1970,2015,0.7632,0.6207052631578948,-0.14249473684210523,0.7525475720478739,0.7598843537414965
valence,doom metal,33,1983,2015,0.2716523809523809,0.2276112956810631,-0.04404108527131781,0.2383637481254617,0.23332102272727273
valence,dream pop,34,1982,2015,0.34395652173913044,0.41797538940809964,0.0740188676689692,0.33502499803029956,0.34114193433895296
valence,easy listening,47,1959,2015,0.4522608695652174,0.40477894736842107,-0.04748192219679631,0.41326967873913767,0.42102777777777783
valence,electronic,45,1971,2015,0.25922,0.3777621599675193,0.11854215996751927,0.4975465413839662,0.48064815668202765
valence,experimental,52,1964,2015,0.486825,0.3519075619295958,-0.13491743807040418,0.38814810986058795,0.35451854166666663
valence,folk,57,1959,2015,0.4953,0.37372533889468196,-0.12157466110531806,0.431133577019489,0.42481794871794876
valence,funk,51,1965,2015,0.7208,0.6501544554455445,-0.07064554455445549,0.6881483363841231,0.669006106870229
valence,glam rock,39,1967,2015,0.5559444444444445,0.4392707692307692,-0.11667367521367528,0.5617053873066562,0.5606289308176101
valence,gothic rock,34,1977,2015,0.5063483870967742,0.3440735294117647,-0.1622748576850095,0.3944534624355492,0.3688680603448276
valence,grunge,32,1984,2015,0.50978,0.4134933333333334,-0.09628666666666663,0.3974696196257146,0.3954733104879897
valence,hard rock,51,1965,2015,0.44342926829268287,0.4257439890710383,-0.01768527922164459,0.4596223881136562,0.44342926829268287
valence,hardcore,39,1977,2015,0.31079,0.3265587527352297,0.015768752735229707,0.38283715864129747,0.36299613259668506
valence,hardcore punk,32,1976,2015,0.6615,0.35426117647058825,-0.30723882352941173,0.412931725647832,0.40509679802955667
valence,indie rock,33,1983,2015,0.4183,0.4664714689945816,0.04817146899458158,0.4611055822528482,0.462118479880775
valence,industrial,35,1981,2015,0.4502608695652174,0.3351161943319838,-0.11514467523323357,0.3827521398291471,0.37551927710843375
valence,jazz,61,1955,2015,0.3764642458100559,0.40489710526315786,0.028432859453101977,0.4367521989819006,0.43452250000000003
valence,latin,40,1965,2015,0.50995,0.586339402173913,0.07638940217391299,0.5891655999064437,0.5952374751737836
valence,metal,48,1968,2015,0.44489999999999996,0.3041618811881188,-0.14073811881188114,0.37081507862139046,0.3604801141352063
valence,mpb,53,1963,2015,0.49939999999999996,0.48221533477321815,-0.017184665226781803,0.5465011808821681,0.5463173913043479
valence,new wave,43,1973,2015,0.7758925925925927,0.5223884955752213,-0.2535040970173714,0.6160443562745505,0.6107706666666667
valence,pop,57,1959,2015,0.6974545454545454,0.48651196994095547,-0.21094257551358997,0.5916480542666349,0.5808729870129871
valence,pop rock,32,1982,2015,0.684952380952381,0.4803882882882883,-0.2045640926640927,0.5636695112168575,0.5409700555421396
valence,post-hardcore,35,1981,2015,0.4320952380952381,0.3613577741407529,-0.07073746395448521,0.369325579297166,0.35053125
valence,post-punk,43,1973,2015,0.7349259259259259,0.42241294363256787,-0.312512982293358,0.5126338370241382,0.5126617391304348
valence,power metal,34,1981,2015,0.3456625,0.3271655976676385,-0.01849690233236151,0.3075938942876652,0.3002845864661654
valence,progressive metal,32,1984,2015,0.34235714285714286,0.27295668934240364,-0.06940045351473922,0.26359926318126214,0.2597003162938437
valence,progressive rock,53,1963,2015,0.472156,0.3165210691823899,-0.1556349308176101,0.39933077631167563,0.42063170731707317
valence,psychedelic rock,48,1963,2015,0.5095019230769231,0.4649509036144578,-0.04455101946246531,0.4066039614868688,0.40442758018418545
valence,punk,47,1969,2015,0.5614074074074075,0.5054026711185309,-0.05600473628887659,0.5621841380595444,0.5675524475524475
valence,rap,32,1984,2015,0.6558695652173913,0.4340719498289624,-0.22179761538842885,0.5885768799896631,0.6185594077669903
valence,reggae,42,1969,2015,0.7419642857142856,0.6505338308457711,-0.09143045486851453,0.7286155752524077,0.7274537017051586
valence,rock,61,1955,2015,0.7292727272727273,0.4626851890756302,-0.2665875381970971,0.5579792919490894,0.5254161137440758
valence,samba,42,1963,2015,0.80785,0.6223556603773586,-0.1854943396226414,0.7198246344164024,0.7283290043290044
valence,shoegaze,35,1981,2015,0.33528399999999997,0.3497649045801527,0.01448090458015272,0.33656828431700436,0.33704752669039145
valence,singer-songwriter,56,1960,2015,0.4835,0.37087734254992316,-0.11262265745007682,0.43174704501572336,0.4163416705264783
valence,soft rock,49,1967,2015,0.5474285714285715,0.5325046875,-0.014923883928571469,0.5010728933532607,0.5194375
valence,soul,61,1955,2015,0.47245,0.4290533644859813,-0.04339663551401868,0.5561961753403379,0.5571662650602409
valence,soundtrack,44,1965,2015,0.5926190476190476,0.2915227083333333,-0.3010963392857143,0.344067725348241,0.31793746833284614
valence,synthpop,41,1975,2015,0.5416000000000001,0.4421414994720169,-0.09945850052798316,0.5623774058736726,0.5715
valence,thrash metal,37,1979,2015,0.2845583333333333,0.26042830188679245,-0.024130031446540856,0.3135217676031201,0.31250574712643675
tempo,alternative rock,37,1979,2015,136.80223333333333,125.68345454545455,-11.118778787878782,127.48955818416539,127.86930501930503
tempo,ambient,43,1971,2015,117.3463,113.56070163487738,-3.785598365122624,113.06391243315838,112.42552720677148
tempo,black metal,36,1980,2015,119.32755,126.40640652818992,7.078856528189917,123.74235892397178,122.9555125645962
tempo,blues,61,1955,2015,107.84781395348837,114.88401811594204,7.0362041624536715,118.35315055594408,119.03378523489933
tempo,bossa nova,54,1960,2015,115.0199,119.2635875,4.243687499999993,117.46698779852068,116.38290347826087
tempo,brazilian rock,34,1982,2015,125.79704347826086,123.91948979591837,-1.8775536823424943,123.78685096538554,124.36376759991884
tempo,classic rock,61,1955,2015,121.52561538461539,119.77061016949153,-1.7550052151238589,120.7774604162743,120.885010989011
tempo,country,53,1955,2015,118.64239130434783,117.44500229885058,-1.197389005497243,119.02257437563168,119.58061904761904
tempo,death metal,33,1983,2015,111.2397,124.04020845070421,12.800508450704214,120.72908765208854,121.41836244541484
tempo,disco,46,1970,2015,132.43635,121.28117543859649,-11.155174561403513,119.45660513753602,119.30775580887968
tempo,doom metal,33,1983,2015,103.59138095238094,118.54579401993355,14.954413067552608,116.48983912314594,117.92287735849057
tempo,dream pop,34,1982,2015,128.42939130434783,120.17812616822431,-8.251265136123521,121.44784983308666,121.17676435872073
tempo,easy listening,47,1959,2015,110.73804347826086,114.9167894736842,4.178745995423341,114.34658326462453,116.26274137931034
tempo,electronic,45,1971,2015,115.99359999999999,123.25118067397483,7.257580673974843,123.18668562622685,124.05584037328094
tempo,experimental,52,1964,2015,109.56620833333334,118.50146936114731,8.93526102781398,119.95724264899133,120.2684492618008
tempo,folk,57,1959,2015,114.94855,118.35647236704901,3.407922367049011,117.11683237974337,117.57593889541715
tempo,funk,51,1965,2015,121.4213,118.78321287128712,-2.6380871287128826,116.89155312771373,116.23613333333333
tempo,glam rock,39,1967,2015,126.58591666666666,126.70147692307691,0.11556025641024803,122.96547745358043,122.83217901234569
tempo,gothic rock,34,1977,2015,136.9116129032258,128.91529411764705,-7.996318785578751,130.54026508462474,130.5689923415493
tempo,grunge,32,1984,2015,136.92595,126.04118974358974,-10.88476025641026,129.91760270476823,128.94732407407406
tempo,hard rock,51,1965,2015,121.14858536585365,131.08118852459015,9.932603158736498,127.16040835295985,128.18581886792452
tempo,hardcore,39,1977,2015,116.07365,130.61206892778992,14.53841892778992,128.5272419094007,130.96161038961037
tempo,hardcore punk,32,1976,2015,127.701,137.6188411764706,9.917841176470603,129.44989069896224,130.46900834260288
tempo,indie rock,33,1983,2015,131.7397,125.52249668874173,-6.217203311258274,127.22854128965047,127.03610149750416
tempo,industrial,35,1981,2015,116.16691304347826,123.89316194331984,7.726248899841579,123.67725756277245,124.23897590361445
tempo,jazz,61,1955,2015,111.7584748603352,111.75452894736841,-0.003945912966784704,113.5778265527813,113.46656923076924
tempo,latin,40,1965,2015,119.2772,122.22004619565217,2.94284619565218,121.28501343886303,121.50120445736434
tempo,metal,48,1968,2015,128.9871,128.73022524752474,-0.25687475247525526,126.06629983864805,126.45846718146719
tempo,mpb,53,1963,2015,111.58609999999999,121.77690928725703,10.19080928725704,118.91148029110279,119.18328787878788
tempo,new wave,43,1973,2015,128.20503703703704,125.96258407079647,-2.2424529662405774,125.90149945902486,124.97310256410256
tempo,pop,57,1959,2015,111.03390909090909,119.5489806763285,8.515071585419406,120.0386735904805,120.07083404255319
tempo,pop rock,32,1982,2015,120.28690476190476,126.10939819819819,5.822493436293428,124.9100965225048,126.50465811965812
tempo,post-hardcore,35,1981,2015,115.77280952380951,132.03546481178395,16.26265528797444,128.87558297832692,130.92897297297299
tempo,post-punk,43,1973,2015,125.08492592592593,130.28808141962423,5.203155493698304,130.00728388227472,130.32140378548897
tempo,power metal,34,1981,2015,134.481625,128.458472303207,-6.023152696793005,128.35210026621377,128.66207754945296
tempo,progressive metal,32,1984,2015,124.35966666666666,127.44972562358276,3.09005895691611,123.40353525403837,124.08925050330745
tempo,progressive rock,53,1963,2015,120.95768,121.34052515723269,0.3828451572326941,121.72727209464675,121.5733125
tempo,psychedelic rock,48,1963,2015,114.63847115384615,121.41760843373494,6.779137279888786,119.8495723574497,120.51980008705385
tempo,punk,47,1969,2015,126.0125185185185,132.99994156928213,6.987423050763624,137.3304351644891,136.907125
tempo,rap,32,1984,2015,112.83217391304348,122.32595286963132,9.493778956587846,112.74335395170901,111.48373645096058
tempo,reggae,42,1969,2015,120.84196428571428,122.81144278606965,1.9694785003553648,120.90972080592667,121.40307437132157
tempo,rock,61,1955,2015,122.29822727272727,124.66910399159663,2.3708767188693542,123.82654288140833,123.69457692307694
tempo,samba,42,1963,2015,107.2612,118.95616037735849,11.694960377358484,111.95173092386146,111.91567916666668
tempo,shoegaze,35,1981,2015,133.32716,125.47897900763358,-7.848180992366409,124.80724544387319,123.72669008264462
tempo,singer-songwriter,56,1960,2015,131.35340000000002,117.18789016897081,-14.165509831029212,117.90106230515637,118.27016235294117
tempo,soft rock,49,1967,2015,112.02738095238094,119.391984375,7.364603422619069,120.73947242746704,120.86399999999999
tempo,soul,61,1955,2015,125.47265,116.12961588785046,-9.343034112149539,114.93268446648443,115.50182103610676
tempo,soundtrack,44,1965,2015,118.43142857142857,112.79608125,-5.6353473214285685,111.2862475893719,110.96708572635134
tempo,synthpop,41,1975,2015,120.63050000000001,120.13163885955649,-0.49886114044352325,122.69743058300708,122.37748148148148
tempo,thrash metal,37,1979,2015,151.98020833333334,126.54036320754717,-25.439845125786164,125.64087293619154,125.33501265822785
duration_ms,alternative rock,37,1979,2015,227990.26666666666,235396.27272727274,7406.006060606072,231903.73488282124,236985.707641196
duration_ms,ambient,43,1971,2015,510302.3,268939.2615803815,-241363.0384196185,324933.6620439216,312086.9692307692
duration_ms,black metal,36,1980,2015,210671.35,359586.6646884273,148915.3146884273,326806.4381455599,332594.7379652498
duration_ms,blues,61,1955,2015,192094.23255813954,242871.865942029,50777.63338388945,236901.86555823986,240741.52702702704
duration_ms,bossa nova,54,1960,2015,167336.15,192204.0625,24867.912500000006,207236.74391582585,209323.7052469136
duration_ms,brazilian rock,34,1982,2015,213079.26086956522,220856.0612244898,7776.800354924577,223705.3462565362,223836.7438336857
duration_ms,classic rock,61,1955,2015,140933.23076923078,205597.91525423728,64664.684485006495,228053.08753889592,236167.1442687747
duration_ms,country,53,1955,2015,158737.4347826087,212908.25057471264,54170.81579210394,201998.90749957075,208186.7837837838
duration_ms,death metal,33,1983,2015,221286.0,255907.41971830986,34621.41971830986,244069.3053191473,244958.2663316583
duration_ms,disco,46,1970,2015,206095.7,249086.0701754386,42990.370175438584,267939.69472326286,266454.6136585366
duration_ms,doom metal,33,1983,2015,347076.6666666667,380518.28571428574,33441.61904761905,365489.61921815807,368838.7521367521
duration_ms,dream pop,34,1982,2015,229038.34782608695,226202.71495327103,-2835.6328728159133,260201.92490975044,254730.82959183672
duration_ms,easy listening,47,1959,2015,164612.13043478262,226543.2105263158,61931.080091533164,221362.76356347025,226120.48
duration_ms,electronic,45,1971,2015,296488.0,239744.19326025172,-56743.80673974828,269737.04997876636,261586.75784190715
duration_ms,experimental,52,1964,2015,187546.125,244256.19556714472,56710.07056714472,252238.13919495902,251989.91262931033
duration_ms,folk,57,1959,2015,185788.0,233832.80187695517,48044.80187695517,231224.85559060646,230760.0
duration_ms,funk,51,1965,2015,224417.25,210916.7896039604,-13500.46039603959,257553.3846177199,259404.5
duration_ms,glam rock,39,1967,2015,242324.08333333334,231416.38461538462,-10907.698717948719,235153.82496280217,233134.8148148148
duration_ms,gothic rock,34,1977,2015,232610.74193548388,274599.4705882353,41988.72865275142,272333.04725784174,265817.9723389356
duration_ms,grunge,32,1984,2015,184516.7,232335.62564102563,47818.92564102562,243742.67586910177,247950.4648353681
duration_ms,hard rock,51,1965,2015,255132.58536585365,238397.9344262295,-16734.650939624145,256533.26602794672,251212.95951417004
duration_ms,hardcore,39,1977,2015,136423.4,215222.29978118162,78798.89978118162,192536.67392166477,198075.2962962963
duration_ms,hardcore punk,32,1976,2015,97423.35,181289.32941176472,83865.97941176471,152969.31463977142,158590.463362069
duration_ms,indie rock,33,1983,2015,228947.3,224439.13606261287,-4508.163937387115,225512.30027826165,227787.7739075364
duration_ms,industrial,35,1981,2015,261691.30434782608,272230.04858299595,10538.74423516987,276527.63619804353,273080.7481481481
duration_ms,jazz,61,1955,2015,269983.32402234635,268506.1,-1477.224022346374,287144.30637893616,271959.28846153844
duration_ms,latin,40,1965,2015,208571.65,212872.32065217392,4300.670652173925,233899.93340672986,234061.45669291337
duration_ms,metal,48,1968,2015,337933.05,276047.66584158415,-61885.384158415836,278784.62324288447,276593.67869281047
duration_ms,mpb,53,1963,2015,192587.3,225999.72786177107,33412.42786177108,220182.45926099792,226319.92708333334
duration_ms,new wave,43,1973,2015,190283.37037037036,254534.6150442478,64251.24467387743,253948.348677821,256062.64102564103
duration_ms,pop,57,1959,2015,148252.18181818182,212845.85399892647,64593.672180744645,222645.51804767267,229358.04787234042
duration_ms,pop rock,32,1982,2015,242629.80952380953,218087.83603603602,-24541.973487773503,229198.27333929346,225821.29414610547
duration_ms,post-hardcore,35,1981,2015,190167.57142857142,226572.62847790506,36405.05704933364,219862.81001289404,228161.4128166915
duration_ms,post-punk,43,1973,2015,200085.4814814815,236335.76409185803,36250.28261037654,245570.8974351234,241330.36270491802
duration_ms,power metal,34,1981,2015,286475.0,281518.5072886297,-4956.492711370287,294691.0759825607,293853.243006993
duration_ms,progressive metal,32,1984,2015,278607.71428571426,319227.2879818594,40619.57369614515,354935.299662253,347437.046730038
duration_ms,progressive rock,53,1963,2015,231843.12,305039.4811320755,73196.36113207549,303946.83910592785,304419.1677852349
duration_ms,psychedelic rock,48,1963,2015,212055.35576923078,269287.3012048193,57231.94543558851,288987.7056355124,287131.24333333335
duration_ms,punk,47,1969,2015,246480.96296296295,193753.7879799666,-52727.17498299634,186714.0112538911,183991.0680272109
duration_ms,rap,32,1984,2015,233262.69565217392,194640.94070695553,-38621.75494521839,234909.41458023817,238342.49102997046
duration_ms,reggae,42,1969,2015,222619.5,216612.14925373133,-6007.350746268668,239078.51243995765,240418.70064205458
duration_ms,rock,61,1955,2015,138252.77272727274,231769.11764705883,93516.34491978609,221388.21468279636,230997.5309090909
duration_ms,samba,42,1963,2015,142267.5,219300.62264150943,77033.12264150943,204588.51288934934,211084.66376988986
duration_ms,shoegaze,35,1981,2015,199160.48,256199.25572519083,57038.77572519082,251973.27956261896,257859.61336032388
duration_ms,singer-songwriter,56,1960,2015,220086.25,234116.61290322582,14030.362903225818,238196.16334688352,237675.1522156676
duration_ms,soft rock,49,1967,2015,197901.42857142858,235268.84375,37367.41517857142,247922.60445565655,249083.71875
duration_ms,soul,61,1955,2015,188492.45,223082.0327102804,34589.582710280374,237921.8899116391,242201.60130718953
duration_ms,soundtrack,44,1965,2015,161628.90476190476,193769.07708333334,32140.172321428574,217295.3166132597,210326.50251749443
duration_ms,synthpop,41,1975,2015,281360.6,235358.08870116156,-46002.51129883842,263557.69982267055,265944.6
duration_ms,thrash metal,37,1979,2015,275720.0,281123.1603773585,5403.160377358494,278895.18156006956,276678.7099236641
