genre,period,n_tracks,danceability,energy,valence,tempo,duration_ms
alternative rock,late,2615,0.47802906309751436,0.7587586462715105,0.41074,128.62010783938814,236589.66730401528
ambient,early,12,0.3272,0.3743916666666667,0.20806666666666665,117.38866666666667,593745.0833333334
ambient,late,2227,0.3984399640772339,0.40261477907498877,0.2045258688819039,111.76841625505165,300013.34979793447
black metal,early,1,0.462,0.4970000000000001,0.71,112.647,170107.0
black metal,late,982,0.2789751527494908,0.8304625254582484,0.1551161914460285,123.48560794297352,364772.3095723014
blues,early,344,0.5138459302325582,0.4633122093023256,0.5651366279069768,117.6378023255814,224864.1976744186
blues,late,626,0.5302747603833866,0.5478284345047923,0.4798006389776358,116.49026996805112,240204.29392971247
bossa nova,early,115,0.5113652173913044,0.3859678260869565,0.5416260869565217,119.21638260869565,184845.0956521739
bossa nova,late,281,0.5832669039145907,0.3872564412811388,0.4834569395017794,115.24746263345196,204968.8256227758
brazilian rock,early,6,0.49783333333333335,0.8101666666666666,0.6451666666666667,106.66483333333333,182757.0
brazilian rock,late,231,0.5096580086580086,0.7520952380952381,0.5524722943722944,125.64372294372295,224241.72727272726
classic rock,early,1074,0.5224292364990689,0.5752607076350094,0.6338754189944134,121.102656424581,209056.45996275605
classic rock,late,369,0.5165365853658537,0.624969647696477,0.5442777777777779,120.22845257452575,221136.9972899729
country,early,147,0.5657210884353742,0.37471292517006805,0.6146530612244898,113.07589795918366,181630.32653061225
country,late,1165,0.5572257510729614,0.6184125321888412,0.49237476394849783,122.02627381974249,218915.7948497854
death metal,late,965,0.3389864248704663,0.9372760621761658,0.21057233160621763,122.6690725388601,254365.88808290157
disco,early,22,0.5503181818181818,0.6906818181818182,0.7225909090909091,129.78645454545455,202032.45454545456
disco,late,378,0.691420634920635,0.7509343915343916,0.6884880952380952,120.57884391534391,256765.38624338625
doom metal,early,1,0.331,0.532,0.363,99.903,350124.0
doom metal,late,761,0.33155453350854136,0.7045758212877792,0.22129724047306173,119.62724047306176,387531.8567674113
dream pop,late,1067,0.5026819119025304,0.5687742268041237,0.3828222118088097,120.72464011246485,234975.30365510777
easy listening,early,86,0.4040348837209302,0.3060360465116279,0.3836244186046512,107.71403488372093,188555.03488372092
easy listening,late,198,0.5087676767676768,0.4767676767676768,0.41556363636363636,116.71367676767677,231908.14646464647
electronic,early,14,0.35800714285714286,0.5005,0.2349857142857143,114.6227142857143,355449.5714285714
electronic,late,5832,0.6107425582990398,0.6974971949074074,0.42714867969821674,123.78199674211248,250388.80658436214
experimental,early,58,0.45224137931034486,0.5455827586206896,0.4980586206896552,113.4943448275862,224839.2931034483
experimental,late,1888,0.4916149894067796,0.5949853230932204,0.34309110169491525,119.74800370762712,250500.50847457626
folk,early,119,0.5065042016806722,0.291581512605042,0.4810403361344538,116.69257983193278,203567.6050420168
folk,late,2302,0.5101469157254561,0.46071682450043444,0.37120373588184186,117.87643223284101,232275.46437880103
funk,early,162,0.6323518518518518,0.6303827160493827,0.7363253086419753,115.83438888888888,263016.012345679
funk,late,811,0.7029778051787916,0.6958701602959309,0.6573409371146733,117.89545622688038,225801.69297163995
glam rock,early,165,0.4586,0.6288969696969697,0.5582787878787879,123.9433090909091,230450.24848484847
glam rock,late,131,0.5181450381679389,0.8066030534351145,0.49842442748091603,125.75645801526719,229853.68702290076
gothic rock,late,328,0.45265243902439023,0.7802865853658536,0.3562457317073171,129.95548170731706,258647.34146341463
grunge,late,482,0.4340066390041494,0.7627592136929461,0.40553402489626555,128.9345684647303,239681.01037344398
hard rock,early,221,0.44900452488687786,0.6768257918552035,0.5344176470588236,124.22603167420814,263597.33936651587
hard rock,late,1367,0.4497518653986832,0.8559057644476956,0.4204318946598391,130.49240380395025,242382.81931236284
hardcore,late,1881,0.39605842636895267,0.9021458315257842,0.32407272727272723,131.2520696438065,212062.78256246677
hardcore punk,late,297,0.3488929292929293,0.9052888888888888,0.36035757575757577,133.83676094276095,168085.63973063973
indie rock,late,5026,0.4966411062475129,0.7210794607640271,0.4664168742538798,127.59028471945881,227055.38838042182
industrial,late,760,0.5173917105263157,0.7734430263157894,0.3570398684210526,124.43958947368421,280865.20657894737
jazz,early,408,0.4521063725490196,0.30515303921568626,0.393225,112.32453921568629,314725.76470588235
jazz,late,963,0.5428973001038422,0.45904570093457947,0.4302761163032191,115.41342367601246,257742.78089304257
latin,early,35,0.4992285714285714,0.47155142857142857,0.5588857142857143,114.38522857142857,209296.51428571428
latin,late,1032,0.6532645348837209,0.6878446705426357,0.5908452519379845,122.23650387596899,226685.32170542635
metal,early,26,0.36503846153846153,0.5369538461538462,0.4422307692307692,128.37,336856.26923076925
metal,late,1336,0.4175684880239521,0.8754720059880239,0.3162933383233533,128.243000748503,262091.8997005988
mpb,early,143,0.4925384615384615,0.48386503496503497,0.5675804195804196,113.56395104895105,188412.21678321678
mpb,late,1197,0.5819966583124477,0.49935781119465333,0.4917767752715121,120.1118454469507,225721.72514619882
new wave,late,530,0.5782396226415094,0.7383139433962265,0.5486775471698113,125.79709056603774,255367.94716981132
pop,early,156,0.509301282051282,0.5013589743589744,0.6016346153846154,117.21239743589743,180122.84615384616
pop,late,8749,0.6177999314207338,0.6869979940564636,0.523576202994628,121.32835421190993,220648.0477768888
pop rock,early,13,0.5190769230769231,0.5468846153846154,0.7100000000000001,127.318,213008.23076923078
pop rock,late,1423,0.543731553056922,0.7608307758257203,0.5055203794799719,129.21193042867182,219937.73506676036
post-hardcore,late,1516,0.4103075857519789,0.8695813984168865,0.3460056068601583,134.18086345646438,228430.15567282322
post-punk,late,1024,0.473421484375,0.7491429833984375,0.4468158203125,130.46506640625,239944.04296875
power metal,late,809,0.424159826946848,0.8664074165636588,0.3217882571075402,128.66388009888752,287186.1829419036
progressive metal,late,1142,0.3853660245183888,0.8094163747810857,0.26068756567425566,125.48040805604202,336882.9894921191
progressive rock,early,340,0.4045441176470588,0.5225785294117647,0.4605014705882353,119.52311764705883,322346.5
progressive rock,late,816,0.42064105392156864,0.6378974215686275,0.3026925245098039,123.28433946078431,307569.2708333333
psychedelic rock,early,263,0.44479087452471483,0.5350038022813688,0.48448859315589354,118.2108897338403,249574.2661596958
psychedelic rock,late,714,0.43363487394957984,0.6856834733893558,0.4256741036414566,121.72815966386555,274677.7086834734
punk,early,27,0.40066666666666667,0.7972222222222222,0.5614074074074075,126.0125185185185,246480.96296296295
punk,late,1538,0.46373400520156044,0.857367100130039,0.5240873211963589,135.85090637191158,195545.7275682705
rap,late,3577,0.6981520827509086,0.6574280802348336,0.4659805423539279,120.60177970366229,205670.89767961978
reggae,early,37,0.7401621621621621,0.4956486486486486,0.7435675675675676,115.8532162162162,216612.24324324325
reggae,late,583,0.7091938250428816,0.6490445969125214,0.6930210977701543,121.59042195540309,230745.6346483705
rock,early,118,0.527186440677966,0.5635288135593219,0.6366610169491526,119.84533050847458,189621.84745762713
rock,late,2883,0.4995032258064516,0.7379500173430454,0.46079819632327434,126.42412313562261,232333.28303850157
samba,early,92,0.5798369565217392,0.5973108695652174,0.7804130434782609,111.33446739130436,186448.36956521738
samba,late,356,0.621814606741573,0.610910393258427,0.694248595505618,115.5258679775281,216990.61797752808
shoegaze,late,1170,0.4078425641025641,0.6854323777777778,0.3315339401709401,124.16315299145299,255212.20085470084
singer-songwriter,early,262,0.4792595419847328,0.30961030534351147,0.4401145038167939,115.22051526717557,219215.97328244275
singer-songwriter,late,3107,0.5313819118120373,0.46323602220791765,0.38278612809784357,118.56940328290956,237125.1770196331
soft rock,early,65,0.5246307692307692,0.4419292307692308,0.5522461538461538,119.80204615384615,207453.0923076923
soft rock,late,176,0.566784090909091,0.5925056818181819,0.49203806818181817,120.9977840909091,240088.64772727274
soul,early,356,0.5613567415730337,0.47880814606741573,0.6284598314606741,117.76530056179776,199461.7584269663
soul,late,2362,0.5926553767993227,0.5626947375105843,0.46130889077053344,115.39637764606266,231190.11812023708
soundtrack,early,34,0.5045088235294118,0.49476470588235294,0.599185294117647,117.51547058823529,171012.4411764706
soundtrack,late,1694,0.41239468713105076,0.411944386068477,0.2852153482880756,111.58666351829987,203195.59799291618
synthpop,early,1,0.515,0.383,0.758,158.457,233560.0
synthpop,late,1685,0.590927002967359,0.7039444231454006,0.45528789317507423,122.05395370919882,244018.47893175075
thrash metal,late,540,0.3725890740740741,0.9420166666666667,0.29168777777777777,126.58063333333334,276324.5925925926
