window_start,key,n_tracks,share
1955,0,54,0.1651376146788991
1955,1,19,0.0581039755351682
1955,2,25,0.0764525993883792
1955,3,21,0.06422018348623854
1955,4,21,0.06422018348623854
1955,5,39,0.11926605504587157
1955,6,7,0.021406727828746176
1955,7,38,0.1162079510703364
1955,8,38,0.1162079510703364
1955,9,30,0.09174311926605505
1955,10,28,0.0856269113149847
1955,11,7,0.021406727828746176
1956,0,57,0.15833333333333333
1956,1,19,0.05277777777777778
1956,2,28,0.07777777777777778
1956,3,26,0.07222222222222222
1956,4,23,0.06388888888888888
1956,5,44,0.12222222222222222
1956,6,9,0.025
1956,7,45,0.125
1956,8,41,0.11388888888888889
1956,9,28,0.07777777777777778
1956,10,32,0.08888888888888889
1956,11,8,0.022222222222222223
1957,0,52,0.15476190476190477
1957,1,19,0.05654761904761905
1957,2,25,0.0744047619047619
1957,3,26,0.07738095238095238
1957,4,22,0.06547619047619048
1957,5,39,0.11607142857142858
1957,6,10,0.02976190476190476
1957,7,41,0.12202380952380952
1957,8,35,0.10416666666666667
1957,9,27,0.08035714285714286
1957,10,32,0.09523809523809523
1957,11,8,0.023809523809523808
1958,0,47,0.1378299120234604
1958,1,17,0.04985337243401759
1958,2,27,0.07917888563049853
1958,3,24,0.07038123167155426
1958,4,24,0.07038123167155426
1958,5,35,0.10263929618768329
1958,6,10,0.02932551319648094
1958,7,46,0.1348973607038123
1958,8,28,0.08211143695014662
1958,9,34,0.09970674486803519
1958,10,40,0.11730205278592376
1958,11,9,0.026392961876832845
1959,0,41,0.10933333333333334
1959,1,20,0.05333333333333334
1959,2,38,0.10133333333333333
1959,3,25,0.06666666666666667
1959,4,33,0.088
1959,5,52,0.13866666666666666
1959,6,7,0.018666666666666668
1959,7,49,0.13066666666666665
1959,8,26,0.06933333333333333
1959,9,34,0.09066666666666667
1959,10,40,0.10666666666666667
1959,11,10,0.02666666666666667
1960,0,55,0.12387387387387387
1960,1,23,0.0518018018018018
1960,2,45,0.10135135135135136
1960,3,24,0.05405405405405406
1960,4,38,0.08558558558558559
1960,5,54,0.12162162162162163
1960,6,12,0.02702702702702703
1960,7,67,0.15090090090090091
1960,8,22,0.04954954954954955
1960,9,47,0.10585585585585586
1960,10,42,0.0945945945945946
1960,11,15,0.033783783783783786
1961,0,96,0.15118110236220472
1961,1,38,0.05984251968503937
1961,2,74,0.11653543307086614
1961,3,23,0.03622047244094488
1961,4,59,0.09291338582677165
1961,5,65,0.10236220472440945
1961,6,13,0.02047244094488189
1961,7,87,0.13700787401574804
1961,8,32,0.050393700787401574
1961,9,76,0.11968503937007874
1961,10,44,0.06929133858267716
1961,11,28,0.04409448818897638
1962,0,112,0.1374233128834356
1962,1,55,0.06748466257668712
1962,2,103,0.1263803680981595
1962,3,31,0.03803680981595092
1962,4,78,0.09570552147239264
1962,5,81,0.09938650306748466
1962,6,24,0.029447852760736196
1962,7,109,0.13374233128834356
1962,8,35,0.04294478527607362
1962,9,99,0.12147239263803682
1962,10,47,0.05766871165644172
1962,11,41,0.05030674846625767
1963,0,153,0.13527851458885942
1963,1,70,0.0618921308576481
1963,2,146,0.1290893015030946
1963,3,35,0.03094606542882405
1963,4,123,0.10875331564986737
1963,5,100,0.08841732979664015
1963,6,34,0.030061892130857647
1963,7,157,0.138815207780725
1963,8,54,0.04774535809018567
1963,9,150,0.13262599469496023
1963,10,54,0.04774535809018567
1963,11,55,0.04862953138815208
1964,0,192,0.13852813852813853
1964,1,70,0.050505050505050504
1964,2,190,0.1370851370851371
1964,3,37,0.026695526695526696
1964,4,155,0.11183261183261184
1964,5,99,0.07142857142857142
1964,6,50,0.03607503607503607
1964,7,196,0.1414141414141414
1964,8,63,0.045454545454545456
1964,9,196,0.1414141414141414
1964,10,74,0.05339105339105339
1964,11,64,0.046176046176046176
1965,0,214,0.13009118541033435
1965,1,80,0.0486322188449848
1965,2,253,0.15379939209726443
1965,3,38,0.023100303951367782
1965,4,180,0.1094224924012158
1965,5,125,0.07598784194528875
1965,6,66,0.04012158054711246
1965,7,234,0.14224924012158055
1965,8,66,0.04012158054711246
1965,9,237,0.14407294832826747
1965,10,80,0.0486322188449848
1965,11,72,0.04376899696048632
1966,0,254,0.1309278350515464
1966,1,88,0.04536082474226804
1966,2,293,0.15103092783505154
1966,3,44,0.02268041237113402
1966,4,217,0.11185567010309279
1966,5,155,0.07989690721649484
1966,6,85,0.04381443298969072
1966,7,270,0.13917525773195877
1966,8,77,0.039690721649484534
1966,9,286,0.14742268041237114
1966,10,90,0.04639175257731959
1966,11,81,0.041752577319587626
1967,0,300,0.13767783386874713
1967,1,93,0.04268012849931161
1967,2,327,0.15006883891693437
1967,3,43,0.01973382285452042
1967,4,240,0.1101422670949977
1967,5,175,0.08031206975676916
1967,6,84,0.038549793483249196
1967,7,306,0.14043139054612208
1967,8,85,0.03900871959614502
1967,9,325,0.14915098669114274
1967,10,99,0.045433685176686556
1967,11,102,0.046810463515374025
1968,0,318,0.13935144609991235
1968,1,98,0.04294478527607362
1968,2,356,0.15600350569675722
1968,3,41,0.01796669588080631
1968,4,235,0.10297984224364592
1968,5,197,0.08632778264680105
1968,6,89,0.039000876424189306
1968,7,310,0.13584574934268187
1968,8,82,0.03593339176161262
1968,9,331,0.1450482033304119
1968,10,105,0.046012269938650305
1968,11,120,0.05258545135845749
1969,0,347,0.1410569105691057
1969,1,123,0.05
1969,2,351,0.14268292682926828
1969,3,47,0.019105691056910568
1969,4,246,0.1
1969,5,224,0.0910569105691057
1969,6,95,0.03861788617886179
1969,7,341,0.13861788617886178
1969,8,85,0.034552845528455285
1969,9,363,0.1475609756097561
1969,10,105,0.042682926829268296
1969,11,133,0.0540650406504065
1970,0,361,0.14399680893498204
1970,1,126,0.05025927403270842
1970,2,376,0.14998005584363783
1970,3,47,0.01874750698045473
1970,4,243,0.09692859992022337
1970,5,219,0.08735540486637415
1970,6,89,0.035500598324690866
1970,7,331,0.13203031511767052
1970,8,92,0.03669724770642202
1970,9,367,0.14639010769844435
1970,10,117,0.046669325887514955
1970,11,139,0.05544475468687674
1971,0,342,0.14273789649415694
1971,1,117,0.048831385642737896
1971,2,363,0.1515025041736227
1971,3,51,0.021285475792988316
1971,4,231,0.09641068447412354
1971,5,183,0.07637729549248748
1971,6,80,0.0333889816360601
1971,7,325,0.13564273789649417
1971,8,83,0.034641068447412354
1971,9,366,0.15275459098497496
1971,10,112,0.04674457429048414
1971,11,143,0.059682804674457426
1972,0,343,0.1452159187129551
1972,1,111,0.04699407281964437
1972,2,347,0.14690939881456394
1972,3,59,0.02497883149872989
1972,4,224,0.09483488569009314
1972,5,178,0.07535986452159187
1972,6,95,0.04022015241320914
1972,7,303,0.12828111769686706
1972,8,90,0.03810330228619814
1972,9,374,0.15834038950042337
1972,10,105,0.04445385266723116
1972,11,133,0.0563082133784928
1973,0,352,0.14666666666666667
1973,1,110,0.04583333333333333
1973,2,352,0.14666666666666667
1973,3,63,0.02625
1973,4,237,0.09875
1973,5,171,0.07125
1973,6,98,0.04083333333333333
1973,7,289,0.12041666666666667
1973,8,87,0.03625
1973,9,392,0.16333333333333333
1973,10,115,0.04791666666666667
1973,11,134,0.05583333333333333
1974,0,332,0.13873798579189303
1974,1,102,0.04262432093606352
1974,2,372,0.1554534057668199
1974,3,62,0.025908900961136648
1974,4,238,0.09945674885081487
1974,5,153,0.06393648140409527
1974,6,107,0.04471374843292938
1974,7,274,0.11450062682824906
1974,8,94,0.03928123694107814
1974,9,393,0.1642290012536565
1974,10,115,0.04805683242791475
1974,11,151,0.06310071040534894
1975,0,364,0.14168937329700274
1975,1,113,0.04398598676527832
1975,2,349,0.13585052549630205
1975,3,75,0.02919423900350331
1975,4,258,0.10042818217205138
1975,5,155,0.06033476060724017
1975,6,120,0.04671078240560529
1975,7,292,0.11366290385363954
1975,8,94,0.03659011288439081
1975,9,446,0.17360840794083301
1975,10,112,0.043596730245231606
1975,11,191,0.07434799532892176
1976,0,393,0.14587973273942093
1976,1,132,0.04899777282850779
1976,2,367,0.13622865627319972
1976,3,77,0.02858203414996288
1976,4,265,0.09836674090571641
1976,5,178,0.06607275426874536
1976,6,135,0.05011135857461024
1976,7,284,0.10541945063103192
1976,8,94,0.034892353377876766
1976,9,441,0.16369710467706014
1976,10,117,0.043429844097995544
1976,11,211,0.07832219747587231
1977,0,413,0.14760543245175126
1977,1,150,0.053609721229449604
1977,2,380,0.13581129378127232
1977,3,73,0.026090064331665476
1977,4,277,0.09899928520371694
1977,5,170,0.06075768406004289
1977,6,135,0.048248749106504646
1977,7,293,0.10471765546819156
1977,8,97,0.03466761972837741
1977,9,459,0.1640457469621158
1977,10,126,0.04503216583273767
1977,11,225,0.08041458184417441
1978,0,434,0.15254833040421792
1978,1,160,0.056239015817223195
1978,2,379,0.13321616871704745
1978,3,76,0.02671353251318102
1978,4,264,0.09279437609841827
1978,5,171,0.06010544815465729
1978,6,137,0.04815465729349736
1978,7,304,0.10685413005272408
1978,8,102,0.035852372583479786
1978,9,457,0.16063268892794377
1978,10,117,0.041124780316344464
1978,11,244,0.08576449912126538
1979,0,461,0.16307039264237708
1979,1,168,0.05942695436858861
1979,2,361,0.1276972055182172
1979,3,70,0.024761230986911922
1979,4,271,0.0958613371064733
1979,5,180,0.0636717368234878
1979,6,136,0.04810753448885745
1979,7,294,0.10399717014503007
1979,8,96,0.033958259639193494
1979,9,438,0.1549345596038203
1979,10,119,0.042094092677750265
1979,11,233,0.08241952599929253
1980,0,439,0.15556343019135366
1980,1,177,0.0627214741318214
1980,2,371,0.131467044649185
1980,3,71,0.025159461374911412
1980,4,276,0.09780297661233169
1980,5,182,0.06449326718639263
1980,6,142,0.050318922749822824
1980,7,295,0.10453579021970234
1980,8,96,0.03401842664776754
1980,9,413,0.14635010630758327
1980,10,122,0.04323175053153792
1980,11,238,0.08433734939759036
1981,0,432,0.14922279792746113
1981,1,179,0.0618307426597582
1981,2,385,0.13298791018998274
1981,3,74,0.025561312607944732
1981,4,283,0.09775474956822107
1981,5,184,0.06355785837651122
1981,6,146,0.05043177892918826
1981,7,311,0.107426597582038
1981,8,100,0.03454231433506045
1981,9,413,0.14265975820379964
1981,10,138,0.04766839378238342
1981,11,250,0.08635578583765112
1982,0,413,0.13780447113780447
1982,1,188,0.0627293960627294
1982,2,396,0.13213213213213212
1982,3,91,0.030363697030363696
1982,4,294,0.0980980980980981
1982,5,202,0.06740073406740073
1982,6,164,0.05472138805472139
1982,7,331,0.11044377711044377
1982,8,104,0.03470136803470137
1982,9,414,0.13813813813813813
1982,10,143,0.04771438104771438
1982,11,257,0.08575241908575242
1983,0,417,0.13280254777070064
1983,1,202,0.0643312101910828
1983,2,394,0.12547770700636943
1983,3,101,0.0321656050955414
1983,4,308,0.0980891719745223
1983,5,211,0.06719745222929936
1983,6,185,0.0589171974522293
1983,7,353,0.1124203821656051
1983,8,124,0.03949044585987261
1983,9,414,0.13184713375796178
1983,10,162,0.05159235668789809
1983,11,269,0.08566878980891719
1984,0,405,0.12573734864948774
1984,1,202,0.06271344303011488
1984,2,412,0.1279105867742937
1984,3,105,0.032598571872089414
1984,4,295,0.09158646383110836
1984,5,216,0.06705991927972679
1984,6,190,0.05898789195901894
1984,7,387,0.12014902204284383
1984,8,139,0.043154299906861225
1984,9,431,0.1338093759701956
1984,10,163,0.05060540204905309
1984,11,276,0.08568767463520646
1985,0,420,0.12673506336753168
1985,1,215,0.06487628243814123
1985,2,402,0.12130356065178033
1985,3,94,0.028364514182257092
1985,4,300,0.09052504526252263
1985,5,248,0.0748340374170187
1985,6,192,0.05793602896801448
1985,7,392,0.11828605914302957
1985,8,162,0.04888352444176222
1985,9,437,0.13186481593240795
1985,10,169,0.05099577549788775
1985,11,283,0.08539529269764635
1986,0,410,0.12087264150943396
1986,1,224,0.0660377358490566
1986,2,391,0.11527122641509434
1986,3,87,0.02564858490566038
1986,4,302,0.08903301886792453
1986,5,270,0.07959905660377359
1986,6,203,0.059846698113207544
1986,7,433,0.12765330188679244
1986,8,177,0.052181603773584904
1986,9,453,0.1335495283018868
1986,10,166,0.04893867924528302
1986,11,276,0.08136792452830188
1987,0,415,0.11537392271337225
1987,1,257,0.07144842924659438
1987,2,409,0.11370586599944398
1987,3,75,0.020850708924103418
1987,4,332,0.0922991381706978
1987,5,287,0.07978871281623576
1987,6,204,0.0567139282735613
1987,7,475,0.132054489852655
1987,8,201,0.05587989991659716
1987,9,452,0.12566027244926328
1987,10,184,0.051153739227133725
1987,11,306,0.08507089241034195
1988,0,403,0.10798499464094319
1988,1,276,0.07395498392282958
1988,2,433,0.1160235798499464
1988,3,82,0.02197213290460879
1988,4,359,0.09619506966773848
1988,5,303,0.08118971061093247
1988,6,217,0.05814576634512326
1988,7,488,0.1307609860664523
1988,8,218,0.05841371918542337
1988,9,461,0.1235262593783494
1988,10,182,0.04876741693461951
1988,11,310,0.08306538049303322
1989,0,432,0.10603829160530191
1989,1,316,0.07756504663721159
1989,2,470,0.11536573392243496
1989,3,86,0.02110947471772214
1989,4,389,0.09548355424644084
1989,5,338,0.08296514482081492
1989,6,237,0.05817378497790869
1989,7,525,0.12886597938144329
1989,8,241,0.05915562101129111
1989,9,496,0.12174766813942071
1989,10,207,0.0508100147275405
1989,11,337,0.08271968581246932
1990,0,464,0.10497737556561086
1990,1,347,0.07850678733031674
1990,2,505,0.11425339366515837
1990,3,111,0.025113122171945702
1990,4,441,0.0997737556561086
1990,5,346,0.07828054298642534
1990,6,271,0.06131221719457013
1990,7,574,0.12986425339366517
1990,8,246,0.055656108597285064
1990,9,535,0.12104072398190045
1990,10,230,0.05203619909502263
1990,11,350,0.07918552036199095
1991,0,537,0.10844103392568659
1991,1,403,0.08138126009693053
1991,2,566,0.11429725363489499
1991,3,135,0.027261712439418415
1991,4,490,0.09894991922455573
1991,5,355,0.07168820678513732
1991,6,310,0.06260096930533118
1991,7,611,0.12338449111470114
1991,8,277,0.05593699515347334
1991,9,605,0.12217285945072698
1991,10,263,0.05310985460420032
1991,11,400,0.08077544426494346
1992,0,589,0.11432453416149069
1992,1,414,0.08035714285714286
1992,2,588,0.11413043478260869
1992,3,143,0.027756211180124224
1992,4,503,0.09763198757763975
1992,5,376,0.07298136645962733
1992,6,317,0.061529503105590064
1992,7,638,0.12383540372670808
1992,8,276,0.05357142857142857
1992,9,615,0.11937111801242237
1992,10,277,0.05376552795031056
1992,11,416,0.08074534161490683
1993,0,653,0.12032430440390639
1993,1,445,0.08199742030587802
1993,2,603,0.1111111111111111
1993,3,145,0.02671826054910632
1993,4,526,0.09692279344020638
1993,5,389,0.07167864381794731
1993,6,326,0.06007002026902524
1993,7,682,0.12566795651372767
1993,8,270,0.04975124378109453
1993,9,651,0.11995577667219458
1993,10,301,0.0554634236226276
1993,11,436,0.08033904551317486
1994,0,677,0.11940035273368607
1994,1,483,0.08518518518518518
1994,2,625,0.11022927689594356
1994,3,161,0.028395061728395062
1994,4,566,0.09982363315696649
1994,5,406,0.07160493827160494
1994,6,344,0.060670194003527335
1994,7,685,0.12081128747795414
1994,8,289,0.0509700176366843
1994,9,666,0.11746031746031746
1994,10,316,0.05573192239858907
1994,11,452,0.07971781305114639
1995,0,705,0.11862695608278648
1995,1,518,0.08716136631330977
1995,2,657,0.11055022715800102
1995,3,171,0.028773346794548207
1995,4,559,0.09406023893656403
1995,5,414,0.0696617869762746
1995,6,352,0.05922934544842672
1995,7,708,0.11913175164058556
1995,8,343,0.05771495877502945
1995,9,697,0.11728083459532222
1995,10,337,0.056705367659431266
1995,11,482,0.08110381961972069
1996,0,718,0.11797568189286887
1996,1,525,0.08626355570161025
1996,2,653,0.10729543213933618
1996,3,170,0.027932960893854747
1996,4,565,0.0928360170883996
1996,5,437,0.07180414065067368
1996,6,377,0.06194544857048965
1996,7,727,0.11945448570489649
1996,8,356,0.05849490634242524
1996,9,707,0.11616825501150181
1996,10,351,0.05767334866907657
1996,11,500,0.0821557673348669
1997,0,784,0.11500660114419833
1997,1,589,0.08640164295144492
1997,2,763,0.11192606718497873
1997,3,193,0.028311574006161067
1997,4,613,0.08992225319055303
1997,5,487,0.07143904943523544
1997,6,445,0.06527798151679624
1997,7,778,0.1141264485844213
1997,8,404,0.05926360569165322
1997,9,823,0.12072759278274901
1997,10,391,0.057356608478802994
1997,11,547,0.08024057503300572
1998,0,835,0.11071333863696632
1998,1,655,0.08684699018827897
1998,2,832,0.11031556616282154
1998,3,211,0.02797666401485017
1998,4,666,0.0883054892601432
1998,5,579,0.07677008750994431
1998,6,512,0.06788650225404402
1998,7,855,0.11336515513126491
1998,8,470,0.06231768761601697
1998,9,905,0.1199946963670114
1998,10,431,0.057146645452134714
1998,11,591,0.07836117740652347
1999,0,923,0.10984172319409735
1999,1,718,0.08544567416398906
1999,2,921,0.10960371295965726
1999,3,245,0.029156253718909914
1999,4,735,0.08746876115672975
1999,5,617,0.07342615732476497
1999,6,588,0.06997500892538379
1999,7,957,0.11388789717957873
1999,8,527,0.06271569677496132
1999,9,998,0.11876710698560038
1999,10,484,0.05759847673449958
1999,11,690,0.08211353088182792
2000,0,1006,0.10978937029357197
2000,1,787,0.08588890101495143
2000,2,1008,0.11000763941940413
2000,3,261,0.028484120921095712
2000,4,801,0.08741678489577649
2000,5,689,0.07519371384917603
2000,6,656,0.07159227327294554
2000,7,1035,0.11295427261813816
2000,8,558,0.060897086107170144
2000,9,1070,0.11677398232020081
2000,10,543,0.059260067663429006
2000,11,749,0.08174178762414057
2001,0,1117,0.1075175666570411
2001,1,903,0.08691885648281837
2001,2,1187,0.11425546250842238
2001,3,303,0.02916546347097892
2001,4,910,0.0875926460679565
2001,5,783,0.07536817788045047
2001,6,710,0.06834151506401001
2001,7,1184,0.11396669554336317
2001,8,640,0.06160361921262874
2001,9,1190,0.11454422947348157
2001,10,611,0.058812205217056504
2001,11,851,0.08191356242179228
2002,0,1200,0.1073345259391771
2002,1,973,0.0870304114490161
2002,2,1272,0.11377459749552772
2002,3,329,0.029427549194991055
2002,4,991,0.08864042933810376
2002,5,858,0.07674418604651163
2002,6,732,0.06547406082289803
2002,7,1267,0.1133273703041145
2002,8,718,0.06422182468694096
2002,9,1230,0.11001788908765653
2002,10,672,0.06010733452593918
2002,11,938,0.08389982110912343
2003,0,1342,0.10806023029229407
2003,1,1074,0.08648039294629198
2003,2,1426,0.11482405990820517
2003,3,394,0.03172558176986875
2003,4,1092,0.08792978500684435
2003,5,933,0.07512682180529834
2003,6,822,0.06618890409855865
2003,7,1426,0.11482405990820517
2003,8,787,0.0633706417585957
2003,9,1348,0.10854336097914485
2003,10,729,0.05870037845237137
2003,11,1046,0.0842257830743216
2004,0,1450,0.1110260336906585
2004,1,1135,0.08690658499234304
2004,2,1526,0.11684532924961716
2004,3,412,0.031546707503828486
2004,4,1136,0.08698315467075038
2004,5,1014,0.07764165390505359
2004,6,866,0.0663093415007657
2004,7,1489,0.11401225114854517
2004,8,808,0.061868300153139356
2004,9,1386,0.10612557427258805
2004,10,760,0.05819295558958652
2004,11,1078,0.08254211332312404
2005,0,1657,0.11679706773807007
2005,1,1207,0.08507788820751393
2005,2,1639,0.11552830055684782
2005,3,444,0.03129625713681539
2005,4,1196,0.08430253048565588
2005,5,1089,0.07676041446394587
2005,6,968,0.06823147952350743
2005,7,1671,0.11778388665679848
2005,8,873,0.061535208289278914
2005,9,1476,0.10403890886022416
2005,10,809,0.057024036089377596
2005,11,1158,0.08162402199196447
2006,0,1772,0.11896609600537093
2006,1,1284,0.08620342396777442
2006,2,1649,0.11070829137294394
2006,3,480,0.032225579053373615
2006,4,1248,0.0837865055387714
2006,5,1146,0.07693856998992951
2006,6,1058,0.07103054716347768
2006,7,1724,0.11574353810003357
2006,8,919,0.0616985565626049
2006,9,1527,0.10251762336354481
2006,10,877,0.05887881839543471
2006,11,1211,0.08130245048674052
2007,0,1982,0.12175942990539378
2007,1,1423,0.08741860179383217
2007,2,1747,0.10732276692468362
2007,3,532,0.032682147683990664
2007,4,1308,0.08035385182454848
2007,5,1267,0.07783511487897776
2007,6,1168,0.07175328664455093
2007,7,1855,0.11395748863496744
2007,8,1015,0.06235409755498218
2007,9,1727,0.10609411475611255
2007,10,957,0.05879100626612606
2007,11,1297,0.07967809313183438
2008,0,2083,0.12226330926806363
2008,1,1499,0.087984973880378
2008,2,1812,0.10635675294946294
2008,3,561,0.032928332452896635
2008,4,1342,0.07876973645594881
2008,5,1312,0.07700886306274579
2008,6,1217,0.07143276398426954
2008,7,1889,0.11087632799201737
2008,8,1098,0.06444796619123085
2008,9,1782,0.1045958795562599
2008,10,1035,0.06075013206550449
2008,11,1407,0.08258496214122205
2009,0,2254,0.11885678126977431
2009,1,1722,0.09080362792659777
2009,2,1919,0.10119173170217254
2009,3,648,0.03417000632777895
2009,4,1486,0.07835899599240667
2009,5,1500,0.07909723686985869
2009,6,1348,0.07108205020037967
2009,7,2044,0.1077831681079941
2009,8,1252,0.06601982704070872
2009,9,1999,0.10541025100189834
2009,10,1179,0.06217042817970892
2009,11,1613,0.08505589538072136
2010,0,2333,0.11430111214541179
2010,1,1895,0.09284209494880212
2010,2,2053,0.1005830189603645
2010,3,722,0.03537308314144334
2010,4,1627,0.079711920043114
2010,5,1649,0.08078977022193914
2010,6,1459,0.07148106413208564
2010,7,2161,0.10587428347459703
2010,8,1342,0.06574886090833375
2010,9,2145,0.10509039243545147
2010,10,1268,0.062123364852285534
2010,11,1757,0.08608103473617167
2011,0,2437,0.11124805989226697
2011,1,2095,0.09563589884050032
2011,2,2226,0.101615995617639
2011,3,751,0.034282844882680547
2011,4,1793,0.08184972153747831
2011,5,1781,0.08130192641285493
2011,6,1560,0.07121336620104081
2011,7,2343,0.10695699808271707
2011,8,1427,0.0651419702364649
2011,9,2275,0.10385282570985119
2011,10,1339,0.0611248059892267
2011,11,1879,0.08577558659727928
2012,0,2638,0.11096622218483153
2012,1,2280,0.09590712152441845
2012,2,2420,0.10179615530223363
2012,3,783,0.03293652462878055
2012,4,1949,0.08198376309258402
2012,5,1923,0.08089008539098978
2012,6,1746,0.07344466411475203
2012,7,2553,0.10739073739115804
2012,8,1574,0.06620956547343625
2012,9,2366,0.09952467084507635
2012,10,1461,0.06145627392419972
2012,11,2080,0.08749421612753965
2013,0,3013,0.11170015570549419
2013,1,2669,0.09894713427745236
2013,2,2668,0.09891006154074294
2013,3,849,0.03147475346630088
2013,4,2221,0.08233854823163046
2013,5,2240,0.08304293022910951
2013,6,2014,0.07466449173277971
2013,7,2878,0.10669533624972195
2013,8,1764,0.06539630755542374
2013,9,2698,0.10002224364202565
2013,10,1654,0.061318306517387115
2013,11,2306,0.08548973085193148
2014,0,3569,0.11329079770180618
2014,1,3154,0.10011744913182871
2014,2,3131,0.09938735993397455
2014,3,947,0.030060629146430498
2014,4,2573,0.08167476113386027
2014,5,2578,0.08183347617687205
2014,6,2392,0.07592927657683395
2014,7,3454,0.10964035171253532
2014,8,2050,0.06507316763482843
2014,9,3110,0.09872075675332508
2014,10,1903,0.0604069453702822
2014,11,2642,0.08386502872742278
2015,0,3453,0.11459958182602635
2015,1,3083,0.10231986990143042
2015,2,2973,0.09866914473465865
2015,3,881,0.029238989744781122
2015,4,2440,0.08097972188111911
2015,5,2473,0.08207493943115064
2015,6,2292,0.07606783711128073
2015,7,3294,0.1093226245395108
2015,8,1976,0.06558029935946368
2015,9,2925,0.09707610102552189
2015,10,1828,0.060668414589625304
2015,11,2513,0.08340247585543129
