window_start,window_end,window_label,n_tracks,n_genres,love,babi,want,blue,feel,man,well,like,pron,cri,yes,woman,life,let,light,breath,insid,everyth,never,old,fuck,littl,lose,sweet,away,one,take,wait,fall,darl,burn,alway,true,give,noth,make,end,blood,time,dark
1955,1959,1955_1959,327,11,0.0704214276773716,0.03714892275123692,0.017189142098516925,0.03333727369837839,0.015613508488972602,0.016345282611159785,0.03522530354266868,0.021464912751560566,0.007741278030915745,0.01771627422422592,0.012188779594042487,0.01179338711083623,0.008042158805812981,0.01731166618690956,0.0037496637445824446,0.0002821984141838777,0.0031518111794301192,0.00566652629757596,0.025941229613080742,0.018710591982685668,0.0,0.02155256585317007,0.006917155454209728,0.0121796017033788,0.010151514676197841,0.01699602986074817,0.01192349244081204,0.0022560822314654843,0.01456152721054686,0.009406297851262018,0.003952017940016354,0.01046678131892813,0.012735976216173998,0.009225527537763534,0.008552083876178139,0.016723762342494463,0.006073449347996699,0.0008075555806516373,0.016089387776499195,0.0028010913360825337
1956,1960,1956_1960,360,12,0.06781814865405757,0.03973505178558436,0.019378813113921776,0.028912741913462207,0.014661865050977399,0.017057874024424168,0.03561975331556065,0.020003672261529788,0.0074659111629447085,0.015585149577619702,0.01504361574360692,0.010556395723907604,0.008464730966611727,0.01642564174153788,0.002787447433622765,0.0002563302262170222,0.0021935786462670827,0.005408262356831565,0.020429369504157247,0.01842043045390767,0.0,0.021700380757998846,0.005939345991071943,0.014035639858265959,0.008030906349652062,0.018292514068775793,0.014124612541265279,0.0022757316858276998,0.013726746371494614,0.0117039856498231,0.0036479259793902176,0.008315911220767917,0.01394602457467037,0.009719187220437945,0.009480904381431152,0.018300575271750004,0.004965952094781944,0.0007335296524252372,0.017250677827293035,0.0028629002280077943
1957,1961,1957_1961,336,14,0.059462061313972164,0.03640847921697486,0.017534327912416752,0.022930216623051527,0.010120726694178383,0.019385258942745613,0.028685037980243657,0.01710527851683095,0.008075338170172816,0.0157641290616265,0.014259301213356649,0.009494267695177545,0.007962335031248224,0.015478250890614761,0.0033229085391268524,0.00044481144119399137,0.0011757515262971834,0.005297745451937748,0.018927632267814142,0.014350112618402891,0.0,0.021326110029665047,0.005909034649889546,0.01357608736280913,0.008364924824008687,0.019442392896412235,0.014663746425870424,0.00428060234859672,0.01277196648097099,0.012617451549906511,0.0026660425903291744,0.006479089128727643,0.014489919137844495,0.008577378672937529,0.009385660982722572,0.014103471343633843,0.004908252404636441,0.0007859246275984684,0.013963068715723951,0.0029213688657540858
1958,1962,1958_1962,341,15,0.06107279509131783,0.038806262080621975,0.018189562594072176,0.02316519774641004,0.010676248862022297,0.023595694324002898,0.030438871988707178,0.019200592206625525,0.009507920348993606,0.020758804996295545,0.011307762616200609,0.011837061750905147,0.006787784934943261,0.018683549219078235,0.00240486319770583,0.00043828927929965135,0.0011560386525187524,0.005184642013123453,0.02073261351035208,0.013269270725675396,0.0,0.020188265500839995,0.006106957870864754,0.012656558827671582,0.010345578951224763,0.019507454704056137,0.01702628226128037,0.005487384314819223,0.011917982306755396,0.01360547372351226,0.002949800446461779,0.0037879501385895582,0.014957891596432505,0.010816468908581699,0.009433272736536078,0.015229313614203547,0.00495612810771064,0.0,0.01498179152890696,0.0029948917484054196
1959,1963,1959_1963,375,15,0.06464845398076706,0.029369959159500872,0.01791347403349321,0.020825380934209842,0.008895024023109127,0.0181131177414614,0.027163346192146658,0.018821845664718655,0.006593513444502367,0.02776216615289487,0.011183928997143024,0.01001717853559668,0.007197859078895823,0.016842822123250407,0.002562069176516626,0.00024281145300857388,0.0013687038998086427,0.005670369705558172,0.017034367803490328,0.010132509977192663,0.0,0.019222009637834034,0.004144064014683338,0.009738426958720705,0.012240407897212329,0.018578652262118096,0.013767163980620918,0.005576035576920106,0.01273234325278076,0.00977215932297373,0.00410814912070066,0.0061922500459480785,0.01755585356991771,0.008710113985092622,0.008846554581889057,0.014062107194966358,0.005060028084790058,0.0003797505108613312,0.015171584601833002,0.0018177099601855919
1960,1964,1960_1964,444,17,0.07409384993406054,0.04111600221185693,0.023097563543709683,0.0201416414504141,0.012832898134886259,0.01908496679841534,0.02678319243912148,0.02047174481387711,0.008041122042691898,0.029731681693097506,0.015391292819710236,0.01103622187655618,0.00835505032585949,0.01891797684806117,0.004911744205335294,0.0003584396781330917,0.001738537512647419,0.005703514991069776,0.018586631833149556,0.010644805972856908,0.0,0.02364672462210182,0.0059577854373323025,0.010488985370565012,0.013326505295123657,0.022655571905547824,0.015383744773057286,0.00635547577485256,0.014213978691268619,0.01279911023618712,0.005019002145736611,0.0070932320390517,0.017122452513753758,0.014307690436597327,0.008434878054641149,0.019454833244676173,0.007157887785163073,0.00046896660256543805,0.020387537498666338,0.0031927310423372946
1961,1965,1961_1965,635,19,0.07485110355414713,0.04708035263765098,0.02904422281897175,0.019135386607320167,0.015885393758867956,0.020329432464974997,0.028135812520381963,0.02336447034363237,0.006668030158129796,0.028341985263032454,0.018240838302644235,0.011565832713457515,0.00964100920708575,0.01869621998651743,0.0055304060602830935,0.0004560583358240071,0.003622385463835699,0.006941360191214715,0.018201029957006294,0.011110579005346148,0.0,0.021080421471279788,0.007472156361044575,0.010420689614777377,0.013090236817606918,0.020009395559678626,0.012796138231185441,0.009271454254734865,0.013643326056081533,0.008892177012851242,0.0039891384887686876,0.0067353836530313635,0.015926672035935074,0.014527934628172985,0.006684349108354367,0.020192845486739254,0.00750430382917792,0.0010225927211891014,0.023361076891178584,0.0034249633156495374
1962,1966,1962_1966,815,22,0.07490456766498069,0.04748180431852556,0.033506893058952346,0.016516362615671767,0.017249609525959442,0.022027213615182818,0.026260655842619482,0.02396263774020433,0.006947625830749678,0.0265825442132303,0.019022434607919598,0.012656775611838565,0.01118933631120251,0.01760310938674044,0.005772414080207645,0.0004009967234437815,0.004008643527799109,0.008680281694903466,0.019252173590190436,0.011261196548616553,0.0,0.018878258095563136,0.008583908471242506,0.012873902811072684,0.013981648846923196,0.021976348059068233,0.01706821405887922,0.010705358306979556,0.011152690590667416,0.008146896788225501,0.003478428836341074,0.007343672625042018,0.015046180101394685,0.014415435687155413,0.008379157284973576,0.02233030860893364,0.008310927519613003,0.000991422922311955,0.024214879283893886,0.004444066227508186
1963,1967,1963_1967,1131,25,0.06985438021477708,0.04041376474253783,0.029962931017539017,0.016428914153247525,0.01770946501042118,0.023242806647140783,0.025103787524733797,0.022925805764770223,0.008180982646451644,0.020759874000064158,0.019741861122814907,0.011461577340977405,0.012561637261721041,0.017993979149533875,0.007250093905746259,0.0016638583389330976,0.004490997281601787,0.00838636571470017,0.018650517677520597,0.013372563466504927,0.0,0.018847003422737856,0.009478289498595076,0.012219347081110478,0.0139965760683293,0.021019871684199287,0.019115479516090956,0.011864629213229644,0.01030191902752001,0.0070270654150569175,0.003133323919843801,0.008147460034185039,0.011693137085046962,0.013359802987868702,0.010115845998761966,0.02223653781810982,0.008734449510407853,0.0016980267648225877,0.025666532140496193,0.004507061999382304
1964,1968,1964_1968,1386,25,0.06643802849988022,0.04434390485040044,0.029543733115984194,0.014274756529160175,0.01773978545515883,0.024156247058430082,0.02512690279887989,0.022267297452968203,0.008762988533694971,0.01765756272555682,0.019325319520690543,0.013475661232938297,0.014571162189442067,0.0177792763953622,0.007610756149833971,0.0018174096331949605,0.004599862288251745,0.008208367513201921,0.01758474228068894,0.014009738725331561,0.0,0.01900048388442251,0.009264779757664675,0.013159413557026708,0.01470510262383412,0.022035865679239732,0.022092780708625786,0.012611024253292455,0.008763961759438764,0.00705745341773055,0.0032461724116718397,0.007562351972117343,0.01016977170743842,0.013221888410798268,0.009373550260634052,0.022776705841420625,0.008070997741358539,0.0014715574121749809,0.02829281130281167,0.005480750960655267
1965,1969,1965_1969,1645,27,0.06107360783171294,0.042609700986909194,0.029431652317833307,0.01527298803651186,0.017137998439279815,0.026868002202602468,0.024527944374253006,0.02322007803064112,0.010277986925980689,0.017722220118866,0.017641961221166378,0.01474475857876181,0.015369830556720431,0.016039784629863076,0.008070375219889663,0.002196467859724079,0.0050318352657511296,0.008283608836759649,0.01714731604112761,0.015124272369039668,0.0,0.017191731818560707,0.009455663213058404,0.012039631349377812,0.014991435966745228,0.022208706459017943,0.022482090776515005,0.011699118708471918,0.008216406453571676,0.005886062935075741,0.003432471547393917,0.007990965679433807,0.009384269203073389,0.013469425465631768,0.010762833524971867,0.02300884991189693,0.007999241263058874,0.0017893296739929848,0.028555695260160906,0.006263555552021462
1966,1970,1966_1970,1940,30,0.05701820752868104,0.03629667415615366,0.02649658813058178,0.013718754248420712,0.01663928751355956,0.026975481672495267,0.023322025440055356,0.02324711096003314,0.011669033358543648,0.015497278802369717,0.015962908305360422,0.016291447770182453,0.016445680473792693,0.01798727292322418,0.008892057581694856,0.0022347739865002385,0.005141832903218958,0.008093926355813857,0.016574281861828393,0.014953981349363557,0.0,0.016197524790356837,0.009409903694900471,0.011652618766234883,0.015715903630796595,0.022446178736418042,0.024042155829214793,0.010661028734605607,0.009214971022352659,0.006431017475995229,0.004495739245109555,0.00852383284384602,0.008481159284816768,0.014300645609442672,0.01231810196986179,0.02301718656303304,0.00730843730268089,0.0020654434722297468,0.028140045515619463,0.006342720665737336
1967,1971,1967_1971,2179,30,0.05438375300946709,0.03420736878585377,0.024572070858402864,0.012982677467181746,0.016795134192268985,0.026928701721621495,0.024233265400589767,0.02352433792329706,0.012106765878708703,0.01496845841524711,0.014993968508999672,0.01611885907707542,0.016572845871279104,0.017564584890931993,0.009039580677858998,0.0025409697869206963,0.005693616049950342,0.008003128274503293,0.016778596834412105,0.01515490544471853,0.0,0.015561556014355694,0.009810816909954567,0.011199956741486904,0.016264343985797996,0.02305969041469362,0.023248339142617164,0.010035746676635052,0.009444714491677247,0.005694632740586427,0.005204576583167144,0.008717125125121303,0.00737984007471743,0.015534532497688183,0.012739744343612403,0.023468640619392345,0.007339732961712209,0.0023130077063335877,0.028122830912898293,0.006362749834048599
1968,1972,1968_1972,2282,31,0.05412862478348641,0.03431381850508756,0.02733437540098855,0.011525180059492223,0.017193762099833053,0.02767359486717248,0.02326872898161729,0.024864330746105782,0.012580671746353312,0.015112337204688183,0.01318163733371292,0.016441186120602583,0.017587617661426653,0.017867054032625,0.009108396227398478,0.0021931957270427535,0.006135659599045299,0.008460777916205484,0.016455419077502198,0.014167796661928357,0.0002589619619553949,0.015047734492312795,0.009923843016358309,0.011254498647802428,0.016773438049205402,0.023228273050523617,0.023102069275503814,0.008569120364745143,0.009523417656338042,0.005134885828208104,0.00507580843976505,0.008805083288488688,0.007270270695049806,0.01740427956292029,0.012055258007025248,0.02434714359646238,0.007704193809690532,0.0023177053255067533,0.02912684553762616,0.006341457752272042
1969,1973,1969_1973,2460,32,0.0519236894257671,0.033177252916953115,0.026803171924011934,0.011509905032827736,0.01751748113936998,0.02760082869221033,0.024183439709845028,0.026223411693316063,0.013058476439302193,0.015026499292547894,0.011539840950271062,0.015379829798854269,0.01742578051060768,0.01914807906002921,0.009899237905471193,0.002661747284656155,0.006042440861090205,0.008708274597995827,0.01731817093715164,0.015169309617356824,0.0004012335484860755,0.015214615804992646,0.010491301332283778,0.011282667660416926,0.017617766368319958,0.023220476170660715,0.02311652286237181,0.008477864416725295,0.009949541483105086,0.004917030066678283,0.005495178982875359,0.009132369681266265,0.006644464455819388,0.018642504312009686,0.01277893586139676,0.024344772122842723,0.00829686257490779,0.0023517422917503435,0.028584339750614852,0.006003926261173227
1970,1974,1970_1974,2507,32,0.051432902741625285,0.030170459193568467,0.026202006725796395,0.01128384034939203,0.017626834595534675,0.02507802324488136,0.025590894287176362,0.026886014828508952,0.013165020947279355,0.0132409269458969,0.011945429462408003,0.014200804268707134,0.01887531312116635,0.019789011480062083,0.010398939512627112,0.002551084480759461,0.006027329198199053,0.008411867755037796,0.017189804259321824,0.0149545669902692,0.00042607652050708633,0.014920993009149593,0.01042251495916182,0.011587666332684357,0.017734681024262837,0.023165004842737192,0.022964964884828812,0.008501622597792283,0.009908743828642699,0.004546411652137836,0.005713361872764386,0.010240305357501422,0.006371448424861876,0.01782188598668846,0.012496889048352748,0.024236551797107497,0.008714564358277228,0.002464485333155602,0.027911758492229082,0.00560062825006708
1971,1975,1971_1975,2396,33,0.05359148824056667,0.030254053110776773,0.026366554298478742,0.011856608810102594,0.01923029926385257,0.02483336504592328,0.024913906170254248,0.028214256939517172,0.01330283656253401,0.014119542208743008,0.010597231793673228,0.013507795699592495,0.019450295069574026,0.018033076333140705,0.010918733609638387,0.0027782800245151817,0.006318081484502874,0.009454490863789834,0.018959846335546246,0.015470418633563375,0.00044581545780937625,0.015363820209933212,0.010209472696761786,0.01209022453650601,0.01786000213495834,0.02447321059844279,0.023962296981575627,0.008396776568501107,0.009215528058539384,0.003945298354978139,0.005177889710315967,0.010565745438361744,0.006378721636423517,0.017871711020556676,0.012229518452418911,0.024867942992863084,0.009644817274247782,0.0022849274458980225,0.028098025003639997,0.006264198637471684
1972,1976,1972_1976,2362,34,0.055603706354540317,0.030535261423074257,0.027885222574790276,0.012543702363571258,0.020159249041027866,0.02472501183121553,0.024930176767369687,0.029150021643852927,0.014108463556474583,0.013608731018538798,0.010291148505350036,0.012813196562032243,0.020629486565768747,0.01903018064516792,0.011561929022125904,0.0028098989159788305,0.006192493392136814,0.00912833011715424,0.020145280873551233,0.016362221289314794,0.0004557691130332788,0.015696157915976932,0.00996677356766904,0.011771120387064259,0.018615025492442972,0.024512214266416893,0.02441704144762111,0.00828526083322199,0.009125921538907483,0.004090524679524033,0.004615404829546995,0.010907767395608838,0.007283940508204035,0.01795056065319028,0.011704354633393008,0.02400829379268901,0.009261783418082994,0.0025722929992318126,0.027657496777896654,0.0060170174822453525
1973,1977,1973_1977,2400,36,0.05695882101133078,0.02979687579934825,0.02924524001868844,0.013361286185743415,0.02040928155144214,0.02293267545030567,0.02488401119329906,0.028243902076357467,0.013570605564372453,0.012766570279254522,0.010399415645276064,0.011798093801473555,0.019209418934591577,0.0176801312074947,0.011848624714751845,0.0025832789499781695,0.005934753688546824,0.008363360345126301,0.02098339235313175,0.015453355741307014,0.00046362939719276974,0.01584623272425376,0.009797708880639371,0.011327388272140146,0.017895029839590626,0.02558836611272283,0.023509069525934404,0.009445056303759362,0.00959536288784255,0.004105541322255451,0.005702463711863266,0.010886695449455178,0.00798683649943595,0.017888888368395427,0.011477474260356578,0.02290198396361399,0.008958975415197386,0.0023228286794151017,0.0259342005906519,0.006857063596206651
1974,1978,1974_1978,2393,37,0.060268343384620164,0.026939544180205142,0.032056481758582965,0.013612237782396603,0.021847487787898263,0.0215324029069937,0.022566383964427988,0.028355147114884984,0.014619573672682783,0.012890168929094144,0.0108073142773448,0.01075531170117013,0.020862112356086357,0.017019336721130554,0.013072042564682548,0.002334333796255302,0.006378653020841468,0.00839421468799108,0.02152566905830849,0.014415459684267985,0.0003723407914385946,0.013983416383689308,0.010059776179002345,0.009367616543176804,0.01743114303718073,0.02512958633566006,0.024231399151068693,0.009724543658207692,0.009936448468363555,0.0031777747076669103,0.0057813367966266654,0.011453959114735256,0.007915534465137026,0.018504442705735594,0.011002591743512511,0.023706774009042156,0.008876344725123707,0.00322291015694712,0.025248538545596277,0.00650397995916486
1975,1979,1975_1979,2569,38,0.06219592496512474,0.02749499070781568,0.033232796695115224,0.011161323729342145,0.023319149673148565,0.021244646304987014,0.02154362239670073,0.028583439754131943,0.014393672522426843,0.01340301543695543,0.009599199760332341,0.010188477234539512,0.020004794612595352,0.016475873737754002,0.012463468460575966,0.0023838437984301446,0.006881260044673638,0.008820043964241965,0.02315439557816479,0.012819725429799237,0.000515686427864345,0.013365417239802916,0.010153169430327177,0.008899169945223778,0.01846771295510295,0.02436150166390199,0.025063780973783485,0.012188552535088088,0.009833991876108136,0.0029120958559197625,0.005386603072665102,0.01063446723370981,0.007840516906086909,0.019665401471246697,0.010892909770381157,0.02432718489864574,0.008087536708388417,0.0038597418359022713,0.026242797679949432,0.006969614636397459
1976,1980,1976_1980,2694,40,0.06176736735871307,0.026252499383002365,0.034310659518144264,0.009694982085715655,0.022009272070816047,0.021222528505709836,0.02169424227972077,0.02809999669838267,0.015513897294250597,0.012675968370460214,0.009281825691623865,0.008906571288395433,0.018862317458429118,0.017685478412744714,0.012462014986443134,0.002955185723057674,0.007098920094782733,0.007712649596025754,0.0233736739975061,0.011796165796108352,0.0007811592058142407,0.01291058648944245,0.010338060901217118,0.007871645626638508,0.01942212403960586,0.024828104765083674,0.024406998375081004,0.01292981984996826,0.010674106837265515,0.002171203411598382,0.005907362096147933,0.01122430431685389,0.007388865024840516,0.019747755934198308,0.01057339743912024,0.0242528883682815,0.007971032998094017,0.0039323929053946965,0.025497289615331632,0.006779369384826912
1977,1981,1977_1981,2798,41,0.05827891295357842,0.025232857511536776,0.03352552419364536,0.008229324468483807,0.022395298847394392,0.01979112788982911,0.02024155146591337,0.02760799881621259,0.015265528765969509,0.012775694637832524,0.00790618506047919,0.008401918987191297,0.019621387791574827,0.017354278956336767,0.012906695369030401,0.0028119082000970064,0.007425649338222064,0.007927638466818357,0.023715867068762136,0.0104321939845203,0.0008394508300664246,0.0127310997626937,0.010237686587545756,0.006895374309298031,0.019392080064035436,0.023871573204524082,0.024925603915328064,0.013366474399687195,0.011338225413864695,0.002182287974642688,0.0071407839330093256,0.011150082318874474,0.006537441477341391,0.019750690582235258,0.011947172812263483,0.024225892212853234,0.0083955118878547,0.0038830851318642197,0.025309797859255037,0.00817333419355393
1978,1982,1978_1982,2845,44,0.0551615193754541,0.023799503764555908,0.030475186925320235,0.007146825076679128,0.022207551576119703,0.018723370328032504,0.019387359532239842,0.02836049002595909,0.015829864242441826,0.013316658496083112,0.007151412348330962,0.00827675909593786,0.0213281392520047,0.018226944769424627,0.013105475401507631,0.0031120455957023897,0.0077511590505039835,0.007745946162227597,0.023042813812860392,0.010743974599183248,0.0007801147784792233,0.012098715743795955,0.010655717757706261,0.0064767597849695515,0.020430836226292298,0.02320309102844773,0.02631095048448925,0.01286686127339467,0.01176048368733847,0.0021515315442665176,0.007281992150811625,0.011551757372914119,0.006539867566918506,0.018964358676233202,0.012462188976076174,0.02477264924885012,0.008397693547887677,0.004493304525715659,0.025430067440512363,0.007916409395273607
1979,1983,1979_1983,2827,49,0.05217320648604592,0.02233547567047915,0.030137645804709637,0.006215269730783454,0.021243287515052875,0.01823963984094808,0.019364414820338828,0.02842770984622903,0.015497587064702103,0.012892405731458206,0.006278118399897922,0.007738529868553541,0.020902979398334826,0.01793328220614397,0.01272671928440825,0.00354365237091807,0.007859572350817329,0.007244857582072496,0.022653704503103163,0.008903207143673908,0.0008631693247044262,0.0121955289979037,0.010653968668297084,0.00687673744000944,0.0210623109243734,0.02444891561148791,0.026271884062788797,0.013652881694137798,0.012269283956754553,0.001982448791741564,0.007653173215938248,0.01211673498444407,0.00636899151825883,0.01812266232764875,0.013176470002724172,0.024234674189877143,0.008335210000591483,0.00451155047694811,0.026096572819913868,0.009234217281993126
1980,1984,1980_1984,2822,50,0.05046867529026849,0.02120159293461471,0.030084854295390626,0.007172205483851136,0.021304246244234083,0.019578318179512277,0.018071443814870337,0.027732209691857794,0.015227434420921306,0.01291852140675893,0.005409006563037219,0.006678169786137204,0.021161225385821093,0.019901468176045146,0.012989018074352742,0.003547602017479849,0.008707348165293682,0.00689652972120949,0.02233693898176689,0.008546560908088204,0.0007985067304284256,0.011301397931141202,0.011222837120327024,0.006396266589121747,0.02068207802846876,0.02517766687140187,0.02544173810900791,0.011990857594533662,0.013579044591248467,0.001931911825175571,0.009663776404129111,0.011829079788685908,0.006310222206225785,0.017167883009677812,0.014148588692690645,0.023333849883677146,0.00968153596234222,0.0044518102849774085,0.02553543959417282,0.009246707301611635
1981,1985,1981_1985,2895,50,0.04860138913573537,0.02113593888918614,0.030746190912086222,0.008121338898447714,0.021928704159874017,0.01870861149465262,0.017548700147111608,0.027914821187084403,0.014186284006456523,0.012635288365337458,0.005422123777260663,0.0066848024647137615,0.021411662658339315,0.019297263850196648,0.012511533823880568,0.0031796173845290735,0.00941175436280546,0.006569095520231625,0.023303383812581003,0.008144117920120863,0.0010151587856048329,0.010941339551880298,0.01202282389966637,0.006052877187610767,0.021555457320810954,0.02507177219293633,0.026728264762080917,0.01145666813277283,0.013044676088467178,0.002111579020973164,0.010064163596625611,0.011641622762761133,0.0060314556209806166,0.017086242092401997,0.014933379200191405,0.02293540684509394,0.010412241411993104,0.006057669332873587,0.02641132746661685,0.009391508437398732
1982,1986,1982_1986,2997,50,0.0499675455929663,0.0212719025343391,0.0317746828990522,0.007925810051980519,0.021216433089945707,0.017121598168550772,0.017954817333141162,0.027646065742627894,0.014983447151398247,0.012606339866511681,0.006094183174401922,0.005626382701493796,0.020644419113426276,0.019437728111111222,0.01225447720719962,0.0036412638183421953,0.00956701289675354,0.0073296779278924536,0.022109221178329447,0.007445766199792851,0.0010137628954196868,0.010974047909662082,0.012051630193564469,0.006201842150283281,0.021454323002119222,0.025817200623939066,0.025124657081111616,0.01104662370581632,0.013870088737619427,0.0019935259003959,0.009774176627961179,0.012088556894222653,0.007111178564867454,0.01706834974090198,0.013715780194756819,0.02415489216830098,0.010670816537628467,0.0075081460830062965,0.028623604131212853,0.008562749582762914
1983,1987,1983_1987,3140,50,0.053636050327520036,0.022377335030493824,0.03341741236907281,0.008392812400243485,0.02203071466825784,0.016876131140037696,0.0184787081947373,0.02833604139561258,0.015265614253924727,0.012689433205102482,0.006261283024760325,0.0051606899860576535,0.021353947995312844,0.019865104582131622,0.011772346552498461,0.00390952224894938,0.010321945279532153,0.007962549069574767,0.023946497559092252,0.0072292913348379045,0.001406604557603767,0.010880897199658755,0.011726798809258691,0.005957007371358456,0.020972714228428613,0.02679018839216211,0.02470500422646508,0.011241866059396031,0.014089658502195184,0.0018940052850751382,0.010948713018624375,0.012323148853137551,0.007152550226967372,0.018482563327700596,0.013980194600898702,0.024106857822651834,0.010501125936674809,0.00808550176202011,0.029869718438721507,0.008939528950885655
1984,1988,1984_1988,3221,50,0.05706934930124242,0.024071552605186286,0.0339782209015097,0.008098518252634617,0.02220124272313611,0.01731972980355682,0.018406999294066,0.028732124675248816,0.014747005577202049,0.013627112173932596,0.006628726145119232,0.005742283661003232,0.02148173575079249,0.01967289134020326,0.011395622240518669,0.004045186074025246,0.0106380333092668,0.008680880338492831,0.024557526401080644,0.007953110571230059,0.001930312490138716,0.010915409708745738,0.011700252539771286,0.006015630488385618,0.020288823193270078,0.02676498713517696,0.024911666357380475,0.010401853646263087,0.013871129256909705,0.001935950843148006,0.010525309518743075,0.012347743867527348,0.008231730639729599,0.01948148046971805,0.013622794008233716,0.024486052303693565,0.010559904760202798,0.008813674101897744,0.02944696331082784,0.008115925221685093
1985,1989,1985_1989,3314,50,0.059319688759231735,0.024662558151849867,0.03541089997746487,0.007913396031212782,0.0228529379911315,0.0159644882243713,0.01932031571515854,0.029669874083614333,0.014994366458934287,0.014065849267599627,0.006887835263621364,0.006286935004365294,0.022795684071369327,0.01825156281323809,0.011099460105880112,0.004764425757679797,0.010598027013797485,0.009415048473457806,0.025247183350067846,0.008440452040564402,0.0021998299230152722,0.012223115893276598,0.012751613489315965,0.006871790181718404,0.02077204527731868,0.0266647314530814,0.025124430259408904,0.010797885721383479,0.013746299642222463,0.002333221096128232,0.009746310461376612,0.013088673379780246,0.0089242937156395,0.020278869016069814,0.01324239617910017,0.025888688880819972,0.010213838117703714,0.008379198711267017,0.03124925818364353,0.008222138243622742
1986,1990,1986_1990,3392,50,0.05810406433080738,0.024238423875855855,0.03423922356080625,0.007372353956878514,0.02252552659521134,0.016995400736468068,0.018973712497467956,0.028749591456665127,0.015125419826740396,0.014659494799500065,0.007004427538760106,0.006354091929699449,0.023185570944876492,0.01835793512579557,0.01100630223238607,0.004990378886994919,0.01042107486794424,0.009837331064033124,0.024603270814098913,0.008133844048411942,0.0017798965633310524,0.013024551003947584,0.011938237577771236,0.007135151937548385,0.020422290049449517,0.026402813790350463,0.02378983729804438,0.011342765018221193,0.014190102315995632,0.0024004369937635772,0.0102806206011149,0.013187800964013088,0.009090722067040511,0.01967895649930481,0.013299043482576581,0.02542741736588642,0.009998622517979913,0.008540149099944034,0.03150292450539519,0.008690184525620242
1987,1991,1987_1991,3597,50,0.05829549966120985,0.02419085439066776,0.033770855631234845,0.008130368500613563,0.02397284344984973,0.01885780247035674,0.017695551330778887,0.029115544056564382,0.014015687247822461,0.014272835777164688,0.007384015847552413,0.007083021393999625,0.0232877701853122,0.01941638761167106,0.010901983981875208,0.004661465321673334,0.011075029565903128,0.00945968824965069,0.025018400959747916,0.008337422771603063,0.002033827628928297,0.013557077244926403,0.011962132934050395,0.007151092262384491,0.020515724862932988,0.027219595356636605,0.024123833123446337,0.011640667815577078,0.013362548078679383,0.0023252201374010513,0.010324058413982505,0.012569445979231873,0.008508069382497601,0.021060865702221772,0.014343800377619861,0.02416283593896501,0.010257853774569631,0.007718332186331129,0.029648995331287068,0.0087337737529778
1988,1992,1988_1992,3732,50,0.05520702080045131,0.024692941017054493,0.032841366226491316,0.00822555419435693,0.02426842413018458,0.01917520267813474,0.017500606370288007,0.028606500947785038,0.013964538182333414,0.014005827719427193,0.007253213193324249,0.007296751087090932,0.023325035807444973,0.01903383808574012,0.011351966676899809,0.005270937680118037,0.011640032604028658,0.009306102676347676,0.024481756061201607,0.00849388974866075,0.0021767145565209528,0.013877126847022128,0.012576223793577763,0.00764738290124159,0.02106447143562956,0.02742850250686557,0.024901837824719084,0.01182852031194911,0.01323907469815687,0.0028416504947535045,0.009450927222271964,0.012316546131821189,0.009046091442302385,0.020224040710775295,0.014021888349325882,0.024416081640244693,0.011000536682220412,0.007692583118684827,0.02896195755655332,0.00865109037007731
1989,1993,1989_1993,4074,50,0.051512161362147965,0.02391923857591967,0.03250962518318857,0.007658380992351979,0.02503790483034763,0.018976037786094614,0.016276719515414772,0.027462916983904725,0.014466515362046165,0.012820122075634677,0.007615246685082923,0.0069525490454568056,0.022935733530785558,0.01924151966737767,0.011253323694780418,0.0052957134269609445,0.012228731747306808,0.009270010266642372,0.02477576224452323,0.008468361974115518,0.0019530268215949681,0.013532844740059884,0.012643744837107148,0.007533442730813074,0.02079902366100226,0.027904607760643997,0.02397117337041736,0.01207997889738118,0.01309189920338138,0.0026554407748035345,0.009998566550542081,0.012264679902917758,0.008530564344056097,0.019392931596029936,0.013955932407780616,0.023808123047579486,0.01108562367926709,0.007140574907497072,0.027997054460220393,0.009266660518569203
1990,1994,1990_1994,4420,50,0.0464350494355558,0.022236223928529177,0.03247512075897201,0.006960596885969014,0.024604247054568106,0.018875248686714613,0.01593889710350153,0.02804347452395023,0.014068845095115842,0.0118074732169455,0.007260641435869538,0.00682207262570841,0.02183045466284399,0.02055339802983447,0.011498321309639752,0.005338377329786427,0.012781592749581872,0.008526928956604948,0.02365537381212638,0.00796920497388061,0.003729405798197302,0.012856108592551395,0.011511030439255122,0.006824765742088215,0.020464090642245393,0.0289528810005785,0.024665314475445795,0.011939828591464214,0.012731411888775579,0.0020717345451636794,0.010184941900290246,0.012357486576640611,0.00736908775884196,0.018644316033282968,0.013775840535341442,0.022929788340159615,0.01043249049950994,0.007865248993506374,0.026260961123254305,0.009710242865899197
1991,1995,1991_1995,4952,50,0.04730769658769328,0.02123972026640201,0.033716168925479406,0.007121832420918081,0.025167669011876986,0.016921143550525947,0.01603770906775924,0.028625850558590696,0.01414561014116894,0.010665352130214677,0.0067176785877070795,0.0060445587929093695,0.022060475181819087,0.020169494020762985,0.011361774838397705,0.005445487069687365,0.013200161035200051,0.009129893841054023,0.023795239648258384,0.008362421494490197,0.004226555797571578,0.012838363652240399,0.012342977279063097,0.007070155963534186,0.01957067603415353,0.029225638166191423,0.02434078442425948,0.011738173875201827,0.01326302652911382,0.0020136599984073044,0.010097588650613804,0.01231371778171023,0.007100030750587105,0.019219732727291244,0.013330365216914277,0.023105525747797426,0.010300396989071184,0.007097210412477877,0.025834152958347286,0.008774387012368217
1992,1996,1992_1996,5152,50,0.04624130930871921,0.020750852815319316,0.034703537794941515,0.006920497412025678,0.024636700161410702,0.016511695903430736,0.016652817378462925,0.029574648863173975,0.01549171513187653,0.010803180904507463,0.0067728174317682275,0.005762546277317797,0.02201121025632296,0.019670692904057367,0.01154870852383481,0.006103702793726466,0.013155072688896822,0.009603982721270258,0.023656276679818827,0.00833124796818913,0.005133161123719469,0.012292322105201961,0.0124032665334475,0.006826089659380782,0.018633534791736364,0.02916630524890916,0.024137002690675254,0.012020615187216286,0.013224795666503284,0.00189407949447018,0.009838857275784834,0.012914950785346263,0.00699696908098571,0.017999059160951715,0.013118434910792372,0.02413430133524348,0.010124422281843059,0.00708619451203361,0.025063825117922843,0.008400019093986065
1993,1997,1993_1997,5427,50,0.04612102091905787,0.01922352018284935,0.036082144628317665,0.006276275378105873,0.024780129615244232,0.01608859628125338,0.016438972690356,0.029261331142512843,0.015718715456955787,0.0103575986200791,0.006849256813905344,0.00540002031264402,0.021470819864814982,0.02011319049233505,0.011561577033943447,0.006418099486145945,0.012386005097032209,0.010624915471333232,0.023674274530052664,0.008122420732564702,0.0053000211043890185,0.012128362092173241,0.012627908033118496,0.006764946026192042,0.01889372554991371,0.02921489348805752,0.0242355301875873,0.01238038894799053,0.013687387420260098,0.0015560399784201734,0.009833676077294212,0.013083075581363254,0.006609662180690173,0.01783808847486902,0.013305884239414738,0.023885542899172427,0.009574474077896602,0.0068539214647750256,0.025052149056277426,0.00796663408064143
1994,1998,1994_1998,5670,50,0.04577596460311148,0.01811640492046302,0.03558333928924585,0.006440939748847523,0.024328767816381335,0.015437234487771767,0.01689679946395291,0.029585592312795915,0.016138607036048833,0.010245024661540552,0.006492771716528113,0.005357773206949165,0.02167119533936464,0.02085420454732941,0.012027293343234042,0.006766690086553348,0.012138261602458454,0.010876341737417385,0.02416084555720122,0.007831392865713521,0.005438112013208818,0.01192776736605826,0.012656769196529461,0.007010441282486881,0.01899226696471142,0.028894767754070075,0.023839369287280292,0.012166597963637345,0.01448992036491536,0.0015708143210947975,0.009162639950666716,0.013179669925700745,0.006084824184192777,0.017347253844049216,0.013464040826826807,0.02462469163961775,0.009805743081029149,0.006657147681044754,0.025686188876497384,0.007908885703662195
1995,1999,1995_1999,5943,50,0.04856361568846835,0.020242390858674353,0.03606488054213402,0.006525340673313166,0.025448521730091447,0.014561386118381984,0.01632960129222758,0.029850761490681613,0.01688437220244985,0.010735583729752023,0.006590515167665582,0.005347640489272662,0.022393309743061564,0.02086272648246598,0.012036062465986961,0.007099902805945115,0.01194466048185238,0.012587924779469713,0.02523810226044091,0.007865075072485468,0.004526291922411235,0.01246400658771957,0.012718315224029993,0.00726465190494223,0.018711826669363826,0.02850313070961553,0.023332486692056884,0.012646579426584908,0.015935518450327372,0.0017054904578754273,0.008932823021714102,0.013364197220739718,0.00665164722978077,0.018177007553019223,0.014055437442241298,0.025634890356852437,0.010439673929365716,0.006591239504200951,0.026048399768577122,0.007275883949709992
1996,2000,1996_2000,6086,50,0.04751044737363445,0.021394257974082325,0.03675760856420223,0.006226534486764364,0.02542794541341661,0.01460191149498102,0.0165753488982249,0.03035204010684586,0.017498758120846367,0.011404398669566116,0.006665266519127861,0.005484044701216471,0.022774841900694825,0.02168852834833615,0.01233957566874231,0.007443660106134375,0.011278811145246441,0.013663527534492237,0.024380909942929064,0.007701337086433998,0.005196959753245325,0.012596977587924267,0.012373887101062594,0.0068254647285533225,0.019362020177260252,0.02842330757988182,0.023237947146964134,0.012758646734258748,0.016292645440260826,0.0018190952116864034,0.008646829960727135,0.013583310927652447,0.007301936669643304,0.018141822538067433,0.014920050118866707,0.02617641211837619,0.010776635553483575,0.006545858205597206,0.027005141320489746,0.007442776461165521
1997,2001,1997_2001,6817,50,0.048212566539245556,0.021283802159434578,0.036566816661698184,0.005529307052589839,0.026737715208401184,0.013600791215069423,0.016065696052183862,0.029586245692666806,0.016890161153207746,0.010768245729504654,0.006178975572087237,0.004843780243716265,0.022504793784871985,0.02105218303044296,0.012445107309366987,0.0080316934453695,0.01171371048428902,0.014366147968925658,0.024719397009160635,0.007554924583848268,0.00487370238459923,0.012558825655541592,0.012623783670037326,0.006546006746129412,0.019662790114159837,0.026918103587671386,0.023691291625877475,0.012586402153932544,0.01622465142861393,0.0021415818507644047,0.008679562915988577,0.013388654878339153,0.007237230118770807,0.01819323561094508,0.014667190192803091,0.026003988409334322,0.01084021251069586,0.006067729171391497,0.02819046579471824,0.007656397725139965
1998,2002,1998_2002,7542,50,0.048058613039421376,0.020879825117927436,0.03604675713958357,0.005430843458976005,0.027303040251798964,0.013227836026878059,0.016813372062600977,0.02993925311986926,0.017087340712681847,0.011036041588090378,0.0059162286520475435,0.004302893654814124,0.023263274132886976,0.021867236310291516,0.012500438123660819,0.008068951487468291,0.012289620474938293,0.014543144559761322,0.02530177652132524,0.007481158169795491,0.0047064124748669505,0.012397367102389945,0.012976418742058205,0.006064341585129989,0.02090026011318495,0.027647784110344905,0.023420133496923037,0.013198973402333669,0.016597462113079126,0.002017086685272122,0.009269359541279306,0.013853530544379076,0.00698981611759485,0.018710967224564758,0.015553841484170971,0.02659699913456106,0.0109420732064702,0.005900069418892286,0.028658017690352075,0.007993455559151909
1999,2003,1999_2003,8403,50,0.047727499396740446,0.02034207332743199,0.03725368318587257,0.005386311166836037,0.028087045098260304,0.012812649410223914,0.016762917228193598,0.03000028781968711,0.017233778259924414,0.010916088254205421,0.005691981063167979,0.004058170195449459,0.02314815419167713,0.021147409351804983,0.012412013416173099,0.008688272388819042,0.012485312793050138,0.015216651511246938,0.02500259519945406,0.007356780992114064,0.004486361614629336,0.012529479732411641,0.013166315817316712,0.006063842150402269,0.022506193800535375,0.027717138231036307,0.024315389455859596,0.014054360928125476,0.016438652221504736,0.0019874821175225915,0.009782068900162411,0.01424818272957612,0.007235653929109281,0.01940592431201027,0.015971576486672523,0.025994604635412387,0.011725007951481818,0.006264026574508255,0.0291180118808412,0.007594679746144765
2000,2004,2000_2004,9163,50,0.04520575931309247,0.018042536284567492,0.037290535294241305,0.0053870359131014955,0.027753221659650374,0.012888329975607068,0.017446058483526608,0.030299520453364266,0.017721694176318387,0.010254780533242254,0.00555745132803411,0.0035891048331499788,0.023570089693691003,0.021706805073743014,0.012756459747826172,0.008872078710464778,0.012464514076863564,0.014754358921488547,0.025793445618955087,0.00714782943771542,0.00422621186904187,0.012138843664443103,0.01368686840179494,0.005824577379165903,0.02318756364415673,0.02832070408251966,0.0241154460562521,0.013945748720109091,0.01639159913639642,0.0018539150314114555,0.00976076554494304,0.01411695733701002,0.006897257781510873,0.02032427559616633,0.01593717019964701,0.0255295687539274,0.012825132445089418,0.006265128734755741,0.02949801447037164,0.008254582010165493
2001,2005,2001_2005,10389,50,0.04541021949028564,0.017506919032179807,0.036618000515690974,0.0054076951428536696,0.027952853010523877,0.012540211810813896,0.0176267601220114,0.030521087965709185,0.01864019349265982,0.010170115815457903,0.00548141019092223,0.0038480578979276747,0.023330337589996173,0.02202023797201348,0.012871108840784948,0.008607097386947243,0.011965884758264106,0.014937736324954392,0.0273255576162251,0.007236137666758472,0.0036007823743136034,0.011902131935637111,0.014287739381434288,0.005678030335903103,0.022787436165922437,0.028237562218096052,0.02474857420114491,0.014484261716047086,0.01660573417545599,0.0017268179681555376,0.009504904196849134,0.01410760061362384,0.006317725732121307,0.020146351620351794,0.015940116954756847,0.025566352584537683,0.013056815245542773,0.006218615925344475,0.029568727801479597,0.0085676764096673
2002,2006,2002_2006,11180,50,0.04366091800052794,0.01673995076493079,0.036450129129004326,0.005677330392423063,0.027269623677773965,0.012220731207124183,0.01855986284533185,0.03071660834577358,0.01955472152109805,0.01049569258172417,0.005543662591020945,0.003913333731505356,0.023305460760515772,0.02359083808513407,0.01311923274173632,0.00854215339804282,0.011503823220527887,0.014992026717142648,0.027733885192329114,0.007143342138584732,0.0036019797871614492,0.011924546650146249,0.014788554786611863,0.005834130130102122,0.023297872509258112,0.028886415995595677,0.024772886009179033,0.014790289322161535,0.01749433773041684,0.0016140788612283164,0.00985797397239466,0.014000717291565542,0.00612538275380569,0.019975688480627092,0.016328958678396437,0.02569010303910549,0.013175821278534235,0.006475510840396799,0.029832727012413462,0.008836625655892417
2003,2007,2003_2007,12419,50,0.04240197669003324,0.016440849967421286,0.03617225170113484,0.005584905215888941,0.027017561593038777,0.01224871371374083,0.01901991434624632,0.03076224039823443,0.020181395481508425,0.010394826752020057,0.00538280884690107,0.004048286062962543,0.022229927594276434,0.024526946628360004,0.013312622397344103,0.008523342573405574,0.011114183219486136,0.015266683006704425,0.027508860992739928,0.007099334901383532,0.0033430453002635213,0.011839545474824038,0.014631886286589698,0.00575327453412886,0.022406931293948697,0.028340712760235386,0.024944950268116245,0.014309599875763057,0.017364851756354285,0.0016768808605828712,0.009288650287884608,0.01372126830623975,0.006017217250020215,0.019716189852763227,0.015560622549051675,0.025702186265232647,0.013364776805743106,0.0064626838672610714,0.02999071716912588,0.008925242439951832
2004,2008,2004_2008,13060,50,0.042841989117994896,0.01686593275069117,0.035956732538562075,0.005607451282807216,0.027108155270898025,0.012171019783158092,0.019224182773637636,0.031779318468549686,0.020210650278341197,0.010301195486283632,0.005758649741704171,0.004129395400013196,0.021645549917689164,0.025503756276510164,0.013430169533606252,0.008362875809515991,0.011232833333672816,0.01502455999557783,0.02778755592451955,0.0072472251420374395,0.0034747986036637426,0.012249747121289803,0.014717723351003912,0.0055229266393413195,0.02149331021157433,0.02863404865675281,0.024761594646063954,0.014409057210592005,0.017916187677470767,0.002095687377529653,0.009398220197799059,0.013280529703133221,0.0061448618665588175,0.019794879804722772,0.015909935129796816,0.025952995280183067,0.012948618307557083,0.006609194034060604,0.029537493436339036,0.009265980070384735
2005,2009,2005_2009,14187,50,0.04362002775917884,0.01726225816301213,0.03612733055804828,0.005445061509506333,0.026869673980670583,0.011634779830146408,0.018978685270810182,0.03136914954601878,0.0206710247481518,0.010681423480421037,0.005715139635688559,0.004086373345272484,0.020537278153090276,0.026280125719116438,0.013733674538864354,0.008532862086391592,0.01114505358518519,0.01514024592211756,0.027129684293581605,0.007225123282667872,0.003762207418038881,0.011891667980621416,0.014984307144194268,0.0055701030862544,0.02092747019236149,0.027932957087797906,0.025508697047221446,0.014772118209035708,0.01797291153869486,0.002400741988854567,0.00985614112815568,0.013286902172551383,0.006356015957419477,0.019271095858166568,0.015694027031337064,0.026349047218141082,0.012375914935805593,0.006634477075541283,0.02887885125551248,0.009153634801562009
2006,2010,2006_2010,14895,50,0.04269450994726471,0.01735129432455911,0.03665821030220121,0.005152833104329749,0.02715828280992012,0.011421951162563192,0.01853546893144921,0.031411296967168566,0.02060861469527591,0.01018598897553518,0.005876286736736977,0.003651182966785007,0.01977150048922241,0.0266705762101103,0.014570842986557383,0.009118124918863522,0.011377032432804128,0.014712878219539222,0.026220131521613076,0.006977302483656324,0.004156950067475666,0.012039021788025041,0.015085852375094294,0.005307637727163854,0.021121014112450202,0.027065961377197686,0.025962949610350915,0.014748859646653673,0.018233539108883673,0.0025997861287975687,0.010075775550332651,0.0130717882582521,0.0064352835811484314,0.019015530382856933,0.01576906948741041,0.026352084730162567,0.012398504288073906,0.006451841131423811,0.028224767382882925,0.009266722889219923
2007,2011,2007_2011,16278,50,0.04345720337209415,0.01752501215851515,0.03663100190117489,0.00524965787585685,0.027211431980500033,0.011096609174242827,0.017863372623164352,0.03209291970021909,0.0199783086141839,0.009498971749842341,0.005730206764739428,0.0036351044920756,0.019482160840414292,0.0268551080829496,0.01508356797826883,0.008748755352740157,0.011044147345559202,0.01436178120512883,0.02608960200140502,0.007375623214384776,0.004428122997797645,0.0116344524254243,0.015158934314148805,0.005157504411284334,0.020691286525678428,0.026733850579968778,0.026268231167769877,0.014592078366856142,0.017979580536845313,0.002571738288853121,0.009753367183313245,0.01346350589585904,0.006119701380875903,0.018970365777030936,0.015526746589164225,0.026249592697081842,0.01282896272927532,0.006426243343704406,0.02775058350681002,0.009539872583909795
2008,2012,2008_2012,17037,50,0.04425366879896301,0.017860214235605465,0.037515787579095995,0.005152913721446028,0.027018056395647107,0.010567067625019584,0.017133263928709865,0.032871538333269286,0.019680098443175024,0.009379012502960018,0.005555999923748336,0.003561043165454048,0.019876879681852127,0.02667455088956576,0.015717260413818365,0.009069621727591686,0.010900256433287731,0.013963270936907572,0.026202457877234964,0.007442793472843648,0.004955376760371312,0.011592168464900202,0.015481795803290333,0.00504309714593474,0.020508954843773356,0.027149060397915748,0.026731666913205516,0.014519729531122922,0.017849510305065396,0.002627849418705305,0.010076408162411638,0.013717783513472722,0.005907252303970079,0.018917522005515264,0.01593028902468874,0.02597488318673508,0.013212756370974323,0.006746308047858472,0.02736945497239989,0.00989404556500616
2009,2013,2009_2013,18964,50,0.04381994763631036,0.01709320123315443,0.03790588633773401,0.005150448726740393,0.026752929498568466,0.010245893599940787,0.0167272912711491,0.0327955340872092,0.01991065598168399,0.009130850618824524,0.004798988682814959,0.0033564771213624896,0.019749303497216687,0.026743113326402987,0.016195813635445738,0.008863115413592582,0.010336215640288445,0.013794677850594655,0.025999117818776604,0.007370836828617318,0.005600084350835814,0.010969778836422948,0.015746574660272204,0.004762789642414928,0.01996998081250782,0.026447759133461982,0.026380053533795685,0.014010740078272799,0.017558826018386934,0.0024568213184794027,0.010014972771768422,0.013669075839639794,0.005455310085720613,0.01856319548257459,0.01549397701301754,0.026075073972105452,0.013407618418215934,0.006662656883821468,0.027205163444864382,0.010200382668488583
2010,2014,2010_2014,20411,50,0.0438407562934068,0.016953633636890397,0.038456895828421676,0.005520479199045298,0.0272197816514126,0.010289476394960565,0.01628552417197289,0.03318633159303504,0.019603407587763983,0.008456655791437114,0.004709541153684199,0.0033795322035946717,0.019600565436827103,0.026996852699544174,0.016269045996462218,0.008568730283856787,0.010036711017845458,0.013882573861180776,0.02626521831977882,0.0074152436642749096,0.005749365663739091,0.011277035989949514,0.01581807811632911,0.004705174090921428,0.01958497832167467,0.026436931308500645,0.02558505055787185,0.014135235327482664,0.017293098512225664,0.0024808639040845818,0.009799284496521904,0.01377296049864264,0.005277412463441151,0.01861362063594155,0.015343326688205754,0.02570528061354483,0.013046447340256638,0.006329961857850379,0.0270930762621949,0.010191698465406867
2011,2015,2011_2015,21906,50,0.044071374253972666,0.016687172068561386,0.03905846733572728,0.005627972084048348,0.02775953652340766,0.010128975904775307,0.016078977245036485,0.033823943487803224,0.019576308628099687,0.008496326345794123,0.004330288006977603,0.003298673425250447,0.01968459402884446,0.02753145264266488,0.016309261410815193,0.008629411826266848,0.010099182215798183,0.013921352295511771,0.026525975488615093,0.007654067650863935,0.006659779486327033,0.010945318134304145,0.015503154673088042,0.004820837543385151,0.01900199833293302,0.027038041181166168,0.025155699756821217,0.013890513517714108,0.017106240691734477,0.0024106818828754134,0.010103604745002166,0.013942596726338085,0.005312367031439628,0.019032717486021415,0.01529007104975288,0.025867178261520508,0.01274488168020485,0.0066319540421438125,0.027053142746544544,0.010794794664213707
2012,2016,2012_2016,23773,50,0.04392494628520638,0.01675845147650857,0.04009142288242552,0.005719004735913914,0.028659371601007254,0.01030513107188235,0.01558723857609988,0.03463031295923859,0.01990864785003787,0.008533288949794625,0.004180563769749858,0.0031759535154752307,0.01958266794405581,0.027343501525224623,0.016207528295328608,0.00908183407513837,0.01015085696048126,0.013849507277189976,0.026572198485588325,0.007457857698604594,0.00845233736386059,0.010857452289503364,0.015320685585287321,0.004915329700309748,0.0188040421570464,0.027025394632426276,0.024796695001024285,0.013668125990875867,0.017014897618728837,0.0024785113508670295,0.01027850828693648,0.013924970924278291,0.005357024025978267,0.019260701497596993,0.015387664278255333,0.025866273354422997,0.012640918091441506,0.006822003077353979,0.026779491465680122,0.010671042833530354
2013,2017,2013_2017,26974,50,0.043788551349674965,0.017098957310178,0.04166680675265794,0.005827176579442979,0.029734471511010368,0.010436969559753075,0.015749819916169097,0.03630782936001032,0.02020574408059836,0.00816796966799934,0.0044080991396198985,0.0034518016698466135,0.019399949139905948,0.02723383832515104,0.01602485055633771,0.00877988092192516,0.01004472547399525,0.013762902110249213,0.026269178535532064,0.007306718963033509,0.011577483170990605,0.010839278061020563,0.015172080666476013,0.005026969682099755,0.01821256234562195,0.02616994767909692,0.02438073227177655,0.013876073484014031,0.016660909655076297,0.0026522143186087934,0.010105601414022444,0.014112916172184057,0.0054822132749914685,0.019310894165670542,0.015441461767507688,0.026081046907408482,0.012383546030322776,0.006734348926585164,0.026738308927364163,0.01041615222489791
2014,2018,2014_2018,31503,50,0.04317238492179778,0.0176265864762616,0.043379794476213436,0.005950674342371173,0.030372396514052023,0.010471388932780832,0.01586458328821419,0.0381723022351939,0.02063903337455379,0.008266684230693969,0.004995944859613103,0.0034660974412528134,0.019370914383846794,0.027464277863374433,0.015910630023714213,0.00880636967062912,0.009790223917084036,0.014401123005617642,0.02583827100085012,0.007359070279752419,0.01352885822008335,0.011245036125988048,0.01532580958871585,0.005038260559395277,0.017806983354917653,0.026137764627170917,0.02438135082382043,0.01374702130109007,0.016246210737276442,0.0026004810050522125,0.009863008876154575,0.014463308758814282,0.0053811339230842095,0.019911713309468268,0.01541111354293681,0.026048363798511522,0.012281298120703487,0.0064403432278402365,0.027654758850880156,0.010498202088116793
2015,2019,2015_2019,30131,50,0.043697987316867005,0.018021253309793695,0.04374162182619558,0.005945698670911882,0.03068751220100778,0.010244659675156436,0.016054308795734412,0.03925343159817815,0.02064025917228855,0.008467857020218794,0.005068992651963006,0.0033663768511959474,0.019439598151102962,0.027006100821765102,0.015941634626705403,0.008935532527780423,0.009719810294422947,0.014429556125659439,0.02561572935472718,0.007354373364094245,0.015031089539899933,0.011238647948848844,0.01528090008745514,0.0049574591190725,0.01768150608391642,0.026045782833779688,0.02458439567641057,0.013555280399419356,0.01607937453898282,0.002446153642596858,0.009975027640417473,0.014337133662737424,0.005456485636403489,0.01990448711069426,0.015520957676129803,0.025952408132646074,0.012454170028268822,0.006449272733221229,0.02771724162647694,0.010669004678307604
